,Event ID,Date,Short Name,Name,Date Time,Red Fighter Name,Blue Fighter Name,American Odd that Red Fighter Will Win,American Odd that Blue Fighter Will Win,Location,Country,Winner of the Fight,Title Bout?,Weight Class,Number of Rounds in Fight,Blue Significant Strikes Landed/min,Blue Significant Striking Accuracy,Blue Average Submissions Attempted/15min,Blue Average Takedowns Landed/15min,Blue Takedown Accuracy,Red Significant Strikes Landed/min,Red Significant Striking Accuracy,Red Average Submissions Attempted/15min,Red Average Takedowns Landed/15min,Red Takedown Accuracy
0,103,2020-01-18,UFC 246,UFC 246: McGregor vs. Cowboy,2020-01-18T19:00:00,,,,,,,,,,,,,,,,,,,,
1,104,2020-01-25,UFC Fight Night,UFC Fight Night: Blaydes vs. Dos Santos,2020-01-25T17:00:00,,,,,,,,,,,,,,,,,,,,
2,105,2020-02-08,UFC 247,UFC 247: Jones vs. Reyes,2020-02-08T18:30:00,Jon Jones,Dominick Reyes,-460.0,365.0,"Houston, Texas, USA", USA,Red,True,Light Heavyweight,5.0,5.03,0.52,0.4,0.39,0.16,4.31,0.57,0.5,1.9,0.46
3,105,2020-02-08,UFC 247,UFC 247: Jones vs. Reyes,2020-02-08T18:30:00,Valentina Shevchenko,Katlyn Chookagian,-920.0,610.0,"Houston, Texas, USA", USA,Red,True,Women's Flyweight,5.0,4.35,0.32,0.1,0.0,0.0,3.02,0.49,0.4,1.94,0.51
4,105,2020-02-08,UFC 247,UFC 247: Jones vs. Reyes,2020-02-08T18:30:00,Juan Adams,Justin Tafa,-240.0,200.0,"Houston, Texas, USA", USA,Blue,False,Heavyweight,3.0,2.77,0.66,0.0,0.0,0.0,7.32,0.55,0.0,0.97,0.66
5,105,2020-02-08,UFC 247,UFC 247: Jones vs. Reyes,2020-02-08T18:30:00,Mirsad Bektic,Dan Ige,-125.0,105.0,"Houston, Texas, USA", USA,Blue,False,Featherweight,3.0,4.15,0.49,1.0,2.73,0.34,2.88,0.42,0.4,3.38,0.53
6,105,2020-02-08,UFC 247,UFC 247: Jones vs. Reyes,2020-02-08T18:30:00,Derrick Lewis,Ilir Latifi,-225.0,185.0,"Houston, Texas, USA", USA,Red,False,Heavyweight,3.0,2.29,0.4,0.5,1.85,0.3,2.63,0.49,0.0,0.52,0.25
7,105,2020-02-08,UFC 247,UFC 247: Jones vs. Reyes,2020-02-08T18:30:00,Trevin Giles,James Krause,-170.0,130.0,"Houston, Texas, USA", USA,Red,False,Middleweight,3.0,4.65,0.48,0.6,1.06,0.18,3.25,0.61,0.0,1.95,1.0
8,105,2020-02-08,UFC 247,UFC 247: Jones vs. Reyes,2020-02-08T18:30:00,Alex Morono,Kalinn Williams,-345.0,285.0,"Houston, Texas, USA", USA,Blue,False,Welterweight,3.0,0.0,0.0,0.0,0.0,0.0,4.42,0.39,0.6,0.0,0.0
9,105,2020-02-08,UFC 247,UFC 247: Jones vs. Reyes,2020-02-08T18:30:00,Lauren Murphy,Andrea Lee,260.0,-320.0,"Houston, Texas, USA", USA,Red,False,Women's Flyweight,3.0,5.02,0.53,0.5,1.75,0.46,3.53,0.39,0.0,0.89,0.28
10,105,2020-02-08,UFC 247,UFC 247: Jones vs. Reyes,2020-02-08T18:30:00,Miles Johns,Mario Bautista,-132.0,112.0,"Houston, Texas, USA", USA,Blue,False,Bantamweight,3.0,7.45,0.49,0.0,0.81,0.33,3.47,0.53,0.0,2.0,0.66
11,105,2020-02-08,UFC 247,UFC 247: Jones vs. Reyes,2020-02-08T18:30:00,Domingo Pilarte,Journey Newson,-125.0,105.0,"Houston, Texas, USA", USA,Blue,False,Bantamweight,3.0,2.53,0.3,1.0,0.0,0.0,2.06,0.51,1.4,2.06,0.42
12,105,2020-02-08,UFC 247,UFC 247: Jones vs. Reyes,2020-02-08T18:30:00,Andre Ewell,Jonathan Martinez,-133.0,113.0,"Houston, Texas, USA", USA,Red,False,Bantamweight,3.0,3.42,0.48,0.0,0.68,0.5,3.32,0.39,0.0,0.26,0.5
13,105,2020-02-08,UFC 247,UFC 247: Jones vs. Reyes,2020-02-08T18:30:00,Austin Lingo,Youssef Zalel,-210.0,175.0,"Houston, Texas, USA", USA,Blue,False,Featherweight,3.0,0.0,0.0,0.0,0.0,0.0,0.0,0.0,0.0,0.0,0.0
14,106,2020-02-15,UFC Fight Night,UFC Fight Night: Anderson vs. Blachowicz 2,2020-02-15T17:00:00,Corey Anderson,Jan Blachowicz,-235.0,195.0,"Rio Rancho, New Mexico, USA", USA,Blue,False,Light Heavyweight,5.0,3.44,0.49,0.3,1.18,0.52,4.45,0.46,0.0,4.98,0.5
15,106,2020-02-15,UFC Fight Night,UFC Fight Night: Anderson vs. Blachowicz 2,2020-02-15T17:00:00,Diego Sanchez,Michel Pereira,135.0,-155.0,"Rio Rancho, New Mexico, USA", USA,Red,False,Welterweight,3.0,2.26,0.44,0.0,1.79,0.4,2.75,0.38,0.9,1.62,0.25
16,106,2020-02-15,UFC Fight Night,UFC Fight Night: Anderson vs. Blachowicz 2,2020-02-15T17:00:00,Montana De La Rosa,Mara Romero Borella,-175.0,155.0,"Rio Rancho, New Mexico, USA", USA,Red,False,Women's Flyweight,3.0,2.98,0.35,0.3,1.68,0.41,2.49,0.31,2.3,2.69,0.33
17,106,2020-02-15,UFC Fight Night,UFC Fight Night: Anderson vs. Blachowicz 2,2020-02-15T17:00:00,Brok Weaver,Kazula Vargas,-270.0,230.0,"Rio Rancho, New Mexico, USA", USA,Red,False,Lightweight,3.0,1.33,0.47,0.0,0.0,0.0,6.73,0.74,0.0,0.0,0.0
18,106,2020-02-15,UFC Fight Night,UFC Fight Night: Anderson vs. Blachowicz 2,2020-02-15T17:00:00,Rogerio Bontorin,Ray Borg,130.0,-150.0,"Rio Rancho, New Mexico, USA", USA,Blue,False,Flyweight,3.0,1.26,0.49,1.2,3.66,0.5,3.23,0.52,1.6,2.72,0.41
19,106,2020-02-15,UFC Fight Night,UFC Fight Night: Anderson vs. Blachowicz 2,2020-02-15T17:00:00,Lando Vannata,Yancy Medeiros,-120.0,100.0,"Rio Rancho, New Mexico, USA", USA,Red,False,Lightweight,3.0,3.99,0.35,0.6,0.14,0.33,4.41,0.42,0.5,1.35,0.42
20,106,2020-02-15,UFC Fight Night,UFC Fight Night: Anderson vs. Blachowicz 2,2020-02-15T17:00:00,Tim Means,Daniel Rodriguez,-345.0,285.0,"Rio Rancho, New Mexico, USA", USA,Blue,False,Welterweight,3.0,7.2,0.48,0.0,4.0,0.8,4.87,0.45,0.2,0.87,0.45
21,106,2020-02-15,UFC Fight Night,UFC Fight Night: Anderson vs. Blachowicz 2,2020-02-15T17:00:00,John Dodson,Nathaniel Wood,130.0,-150.0,"Rio Rancho, New Mexico, USA", USA,Red,False,Bantamweight,3.0,4.24,0.42,2.0,2.05,0.66,3.28,0.4,0.0,0.8,0.28
22,106,2020-02-15,UFC Fight Night,UFC Fight Night: Anderson vs. Blachowicz 2,2020-02-15T17:00:00,Jim Miller,Scott Holtzman,115.0,-135.0,"Rio Rancho, New Mexico, USA", USA,Blue,False,Lightweight,3.0,4.36,0.5,0.2,2.37,0.58,2.78,0.4,2.0,1.77,0.42
23,106,2020-02-15,UFC Fight Night,UFC Fight Night: Anderson vs. Blachowicz 2,2020-02-15T17:00:00,Devin Clark,Dequan Townsend,-400.0,325.0,"Rio Rancho, New Mexico, USA", USA,Red,False,Light Heavyweight,3.0,1.6,0.43,0.0,0.0,0.0,3.21,0.54,0.2,3.03,0.39
24,106,2020-02-15,UFC Fight Night,UFC Fight Night: Anderson vs. Blachowicz 2,2020-02-15T17:00:00,Casey Kenney,Merab Dvalishvili,150.0,-170.0,"Rio Rancho, New Mexico, USA", USA,Blue,False,Bantamweight,3.0,3.75,0.37,0.0,6.75,0.43,3.48,0.41,0.8,1.75,0.5
25,106,2020-02-15,UFC Fight Night,UFC Fight Night: Anderson vs. Blachowicz 2,2020-02-15T17:00:00,Macy Chiasson,Shanna Young,-800.0,550.0,"Rio Rancho, New Mexico, USA", USA,Red,False,Women's Bantamweight,3.0,3.79,0.6,0.0,0.0,0.0,3.76,0.55,1.0,0.0,0.0
26,106,2020-02-15,UFC Fight Night,UFC Fight Night: Anderson vs. Blachowicz 2,2020-02-15T17:00:00,Mark De La Rosa,Raulian Paiva,205.0,-245.0,"Rio Rancho, New Mexico, USA", USA,Blue,False,Flyweight,3.0,4.59,0.43,0.5,0.46,0.2,3.05,0.36,0.3,0.77,0.17
27,107,2020-02-22,UFC Fight Night,UFC Fight Night: Felder vs. Hooker,2020-02-22T16:00:00,Paul Felder,Dan Hooker,130.0,-150.0,"Auckland, New Zealand", New Zealand,Blue,False,Lightweight,5.0,4.73,0.44,0.4,0.4,0.33,3.55,0.43,0.3,0.29,0.27
28,107,2020-02-22,UFC Fight Night,UFC Fight Night: Felder vs. Hooker,2020-02-22T16:00:00,Jim Crute,Michal Oleksiejczuk,100.0,-120.0,"Auckland, New Zealand", New Zealand,Red,False,Light Heavyweight,3.0,5.39,0.56,0.0,1.2,0.66,4.56,0.57,2.3,0.58,1.0
29,107,2020-02-22,UFC Fight Night,UFC Fight Night: Felder vs. Hooker,2020-02-22T16:00:00,Karolina Kowalkiewicz,Yan Xiaonan,225.0,-265.0,"Auckland, New Zealand", New Zealand,Blue,False,Women's Strawweight,3.0,6.85,0.4,0.0,0.25,0.25,5.57,0.39,0.0,0.11,0.14
30,107,2020-02-22,UFC Fight Night,UFC Fight Night: Felder vs. Hooker,2020-02-22T16:00:00,Ben Sosoli,Marcos Rogerio De Lima,130.0,-150.0,"Auckland, New Zealand", New Zealand,Blue,False,Heavyweight,3.0,3.55,0.54,0.8,0.78,0.6,2.22,0.31,0.0,0.0,0.0
31,107,2020-02-22,UFC Fight Night,UFC Fight Night: Felder vs. Hooker,2020-02-22T16:00:00,Brad Riddell,Magomed Mustafaev,120.0,-140.0,"Auckland, New Zealand", New Zealand,Red,False,Lightweight,3.0,3.11,0.57,0.7,0.0,0.0,6.07,0.59,0.0,1.0,1.0
32,107,2020-02-22,UFC Fight Night,UFC Fight Night: Felder vs. Hooker,2020-02-22T16:00:00,Kevin Aguilar,Zubaira Tukhugov,-115.0,-105.0,"Auckland, New Zealand", New Zealand,Blue,False,Featherweight,3.0,2.28,0.35,0.0,3.03,0.56,3.78,0.36,0.0,0.25,0.5
33,107,2020-02-22,UFC Fight Night,UFC Fight Night: Felder vs. Hooker,2020-02-22T16:00:00,Jalin Turner,Joshua Culibao,-210.0,175.0,"Auckland, New Zealand", New Zealand,Red,False,Lightweight,3.0,0.0,0.0,0.0,0.0,0.0,5.66,0.45,0.6,0.61,1.0
34,107,2020-02-22,UFC Fight Night,UFC Fight Night: Felder vs. Hooker,2020-02-22T16:00:00,Jake Matthews,Emil Meek,-200.0,170.0,"Auckland, New Zealand", New Zealand,Red,False,Welterweight,3.0,2.24,0.38,1.3,0.33,0.5,3.07,0.46,0.8,1.99,0.38
35,107,2020-02-22,UFC Fight Night,UFC Fight Night: Felder vs. Hooker,2020-02-22T16:00:00,Callan Potter,Song Kenan,170.0,-200.0,"Auckland, New Zealand", New Zealand,Blue,False,Welterweight,3.0,4.13,0.45,0.0,0.0,0.0,3.21,0.51,0.0,2.83,0.6
36,107,2020-02-22,UFC Fight Night,UFC Fight Night: Felder vs. Hooker,2020-02-22T16:00:00,Kai Kara France,Tyson Nam,-260.0,220.0,"Auckland, New Zealand", New Zealand,Red,False,Flyweight,3.0,2.67,0.23,0.0,0.0,0.0,5.28,0.41,0.0,0.75,0.37
37,107,2020-02-22,UFC Fight Night,UFC Fight Night: Felder vs. Hooker,2020-02-22T16:00:00,Loma Lookboonmee,Angela Hill,155.0,-175.0,"Auckland, New Zealand", New Zealand,Blue,False,Women's Strawweight,3.0,5.97,0.5,0.1,0.46,0.41,6.6,0.65,0.0,1.0,0.16
38,107,2020-02-22,UFC Fight Night,UFC Fight Night: Felder vs. Hooker,2020-02-22T16:00:00,Priscila Cachoeira,Shana Dobson,180.0,-220.0,"Auckland, New Zealand", New Zealand,Red,False,Women's Flyweight,3.0,3.56,0.33,0.0,0.4,0.25,3.7,0.36,0.0,0.0,0.0
39,108,2020-02-29,UFC Fight Night,UFC Fight Night: Benavidez vs. Figueiredo,2020-02-29T17:00:00,Joseph Benavidez,Deiveson Figueiredo,-150.0,130.0,"Norfolk, Virginia, USA", USA,Blue,True,Flyweight,5.0,2.44,0.52,2.4,1.78,0.47,3.46,0.33,0.6,1.53,0.31
40,108,2020-02-29,UFC Fight Night,UFC Fight Night: Benavidez vs. Figueiredo,2020-02-29T17:00:00,Felicia Spencer,Zarah Fairn,-870.0,585.0,"Norfolk, Virginia, USA", USA,Red,False,Women's Featherweight,3.0,0.51,0.4,0.0,0.0,0.0,3.26,0.51,0.8,0.82,0.1
41,108,2020-02-29,UFC Fight Night,UFC Fight Night: Benavidez vs. Figueiredo,2020-02-29T17:00:00,Ion Cutelaba,Magomed Ankalaev,185.0,-225.0,"Norfolk, Virginia, USA", USA,Blue,False,Light Heavyweight,3.0,3.32,0.56,0.0,0.69,0.33,5.27,0.39,0.0,2.62,0.71
42,108,2020-02-29,UFC Fight Night,UFC Fight Night: Benavidez vs. Figueiredo,2020-02-29T17:00:00,Megan Anderson,Norma Dumont,-245.0,205.0,"Norfolk, Virginia, USA", USA,Red,False,Women's Featherweight,3.0,0.0,0.0,0.0,0.0,0.0,1.8,0.46,0.6,0.64,0.5
43,108,2020-02-29,UFC Fight Night,UFC Fight Night: Benavidez vs. Figueiredo,2020-02-29T17:00:00,Grant Dawson,Darrick Minner,-475.0,380.0,"Norfolk, Virginia, USA", USA,Red,False,Featherweight,3.0,6.85,0.54,0.0,0.0,0.0,3.76,0.46,2.1,5.23,0.45
44,108,2020-02-29,UFC Fight Night,UFC Fight Night: Benavidez vs. Figueiredo,2020-02-29T17:00:00,Gabriel Silva,Kyler Phillips,-130.0,110.0,"Norfolk, Virginia, USA", USA,Blue,False,Bantamweight,3.0,18.26,0.56,0.0,0.0,0.0,0.53,0.5,0.0,1.0,0.16
45,108,2020-02-29,UFC Fight Night,UFC Fight Night: Benavidez vs. Figueiredo,2020-02-29T17:00:00,Brendan Allen,Tom Breese,110.0,-130.0,"Norfolk, Virginia, USA", USA,Red,False,Middleweight,3.0,3.85,0.49,0.3,0.0,0.0,2.0,0.53,6.2,3.74,0.42
46,108,2020-02-29,UFC Fight Night,UFC Fight Night: Benavidez vs. Figueiredo,2020-02-29T17:00:00,Luis Pena,Steve Garcia,-270.0,230.0,"Norfolk, Virginia, USA", USA,Red,False,Lightweight,3.0,8.89,0.55,0.0,0.0,0.0,3.7,0.45,1.0,1.25,0.31
47,108,2020-02-29,UFC Fight Night,UFC Fight Night: Benavidez vs. Figueiredo,2020-02-29T17:00:00,Marcin Tybura,Serghei Spivac,100.0,-120.0,"Norfolk, Virginia, USA", USA,Red,False,Heavyweight,3.0,2.65,0.53,1.6,9.93,0.75,3.61,0.51,0.1,1.48,0.61
48,108,2020-02-29,UFC Fight Night,UFC Fight Night: Benavidez vs. Figueiredo,2020-02-29T17:00:00,Jordan Griffin,TJ Brown,-135.0,115.0,"Norfolk, Virginia, USA", USA,Red,False,Featherweight,3.0,3.31,0.47,1.2,5.78,0.71,3.15,0.46,1.8,0.44,0.25
49,108,2020-02-29,UFC Fight Night,UFC Fight Night: Benavidez vs. Figueiredo,2020-02-29T17:00:00,Aalon Cruz,Spike Carlyle,-190.0,165.0,"Norfolk, Virginia, USA", USA,Blue,False,Featherweight,3.0,0.0,0.0,0.0,0.0,0.0,9.04,0.4,0.0,0.0,0.0
50,108,2020-02-29,UFC Fight Night,UFC Fight Night: Benavidez vs. Figueiredo,2020-02-29T17:00:00,Sean Brady,Ismail Naurdiev,105.0,-125.0,"Norfolk, Virginia, USA", USA,Red,False,Welterweight,3.0,3.4,0.56,0.3,1.67,0.83,7.93,0.56,0.0,2.0,0.66
51,109,2020-03-07,UFC 248,UFC 248: Adesanya vs. Romero,2020-03-07T19:00:00,Israel Adesanya,Yoel Romero,-260.0,240.0,"Las Vegas, Nevada, USA",USA,Red,True,Middleweight,5.0,3.71,0.49,0.0,1.79,0.31,4.46,0.5,0.4,0.0,0.0
52,109,2020-03-07,UFC 248,UFC 248: Adesanya vs. Romero,2020-03-07T19:00:00,Weili Zhang,Joanna Jedrzejczyk,-185.0,170.0,"Las Vegas, Nevada, USA",USA,Red,True,Women's Strawweight,5.0,6.18,0.47,0.1,0.3,0.62,6.22,0.49,0.9,1.75,0.3
53,109,2020-03-07,UFC 248,UFC 248: Adesanya vs. Romero,2020-03-07T19:00:00,Beneil Dariush,Drakkar Klose,-162.0,152.0,"Las Vegas, Nevada, USA",USA,Red,False,Lightweight,3.0,3.98,0.52,0.0,1.67,0.3,3.95,0.49,0.9,1.77,0.34
54,109,2020-03-07,UFC 248,UFC 248: Adesanya vs. Romero,2020-03-07T19:00:00,Neil Magny,Li Jingliang,157.0,-167.0,"Las Vegas, Nevada, USA",USA,Red,False,Welterweight,3.0,4.9,0.43,0.0,1.24,0.36,3.86,0.46,0.3,2.62,0.46
55,109,2020-03-07,UFC 248,UFC 248: Adesanya vs. Romero,2020-03-07T19:00:00,Alex Oliveira,Max Griffin,-125.0,115.0,"Las Vegas, Nevada, USA",USA,Red,False,Welterweight,3.0,4.22,0.49,0.6,1.89,0.54,2.9,0.5,0.7,2.86,0.39
56,109,2020-03-07,UFC 248,UFC 248: Adesanya vs. Romero,2020-03-07T19:00:00,Sean O'Malley,Jose Quinonez,-330.0,300.0,"Las Vegas, Nevada, USA",USA,Red,False,Bantamweight,3.0,3.49,0.47,0.7,2.64,0.45,6.75,0.56,1.3,1.31,0.5
57,109,2020-03-07,UFC 248,UFC 248: Adesanya vs. Romero,2020-03-07T19:00:00,Mark Madsen,Austin Hubbard,-215.0,195.0,"Las Vegas, Nevada, USA",USA,Red,False,Lightweight,3.0,3.17,0.41,0.0,1.5,0.6,18.33,0.75,0.0,12.5,0.5
58,109,2020-03-07,UFC 248,UFC 248: Adesanya vs. Romero,2020-03-07T19:00:00,Rodolfo Vieira,Saparbeg Safarov,-570.0,480.0,"Las Vegas, Nevada, USA",USA,Red,False,Middleweight,3.0,4.29,0.48,0.0,2.8,0.41,1.91,0.46,1.6,4.77,0.42
59,109,2020-03-07,UFC 248,UFC 248: Adesanya vs. Romero,2020-03-07T19:00:00,Gerald Meerschaert,Deron Winn,125.0,-135.0,"Las Vegas, Nevada, USA",USA,Red,False,Middleweight,3.0,6.6,0.47,0.0,3.0,0.33,2.73,0.42,1.8,2.56,0.41
60,109,2020-03-07,UFC 248,UFC 248: Adesanya vs. Romero,2020-03-07T19:00:00,Jamall Emmers,Giga Chikadze,-170.0,160.0,"Las Vegas, Nevada, USA",USA,Blue,False,Featherweight,3.0,3.33,0.52,0.0,0.51,0.33,8.27,0.68,0.0,0.0,0.0
61,109,2020-03-07,UFC 248,UFC 248: Adesanya vs. Romero,2020-03-07T19:00:00,Danaa Batgerel,Guido Cannetti,-120.0,110.0,"Las Vegas, Nevada, USA",USA,Red,False,Bantamweight,3.0,2.8,0.52,0.3,2.8,0.5,5.67,0.36,0.0,0.0,0.0
62,110,2020-03-14,UFC Fight Night,UFC Fight Night: Lee vs. Oliveira,2020-03-14T15:00:00,Kevin Lee,Charles Oliveira,-145.0,135.0,"Brasilia, Distrito Federal, Brazil",Brazil,Blue,False,Lightweight,5.0,3.21,0.5,2.8,2.77,0.42,3.9,0.42,0.9,3.23,0.42
63,110,2020-03-14,UFC Fight Night,UFC Fight Night: Lee vs. Oliveira,2020-03-14T15:00:00,Demian Maia,Gilbert Burns,160.0,-170.0,"Brasilia, Distrito Federal, Brazil",Brazil,Blue,False,Welterweight,3.0,3.09,0.43,0.7,2.43,0.38,1.82,0.43,1.0,2.49,0.25
64,110,2020-03-14,UFC Fight Night,UFC Fight Night: Lee vs. Oliveira,2020-03-14T15:00:00,Renato Moicano,Damir Hadzovic,-345.0,315.0,"Brasilia, Distrito Federal, Brazil",Brazil,Red,False,Lightweight,3.0,3.0,0.46,0.2,0.68,0.6,5.53,0.46,0.4,1.16,0.54
65,110,2020-03-14,UFC Fight Night,UFC Fight Night: Lee vs. Oliveira,2020-03-14T15:00:00,Johnny Walker,Nikita Krylov,-137.0,127.0,"Brasilia, Distrito Federal, Brazil",Brazil,Blue,False,Light Heavyweight,3.0,4.86,0.57,1.9,1.06,0.38,5.17,0.69,2.3,0.75,1.0
66,110,2020-03-14,UFC Fight Night,UFC Fight Night: Lee vs. Oliveira,2020-03-14T15:00:00,Francisco Trinaldo,John Makdessi,-160.0,150.0,"Brasilia, Distrito Federal, Brazil",Brazil,Red,False,Lightweight,3.0,5.43,0.5,0.0,0.0,0.0,3.09,0.44,0.5,1.08,0.45
67,110,2020-03-14,UFC Fight Night,UFC Fight Night: Lee vs. Oliveira,2020-03-14T15:00:00,Jussier Formiga,Brandon Moreno,-150.0,140.0,"Brasilia, Distrito Federal, Brazil",Brazil,Blue,False,Flyweight,3.0,3.12,0.34,0.6,2.02,0.43,1.38,0.38,0.6,1.95,0.39
68,110,2020-03-14,UFC Fight Night,UFC Fight Night: Lee vs. Oliveira,2020-03-14T15:00:00,Amanda Ribas,Randa Markos,-345.0,315.0,"Brasilia, Distrito Federal, Brazil",Brazil,Red,False,Women's Strawweight,3.0,3.01,0.41,0.3,1.38,0.27,4.29,0.38,1.4,2.71,0.57
69,110,2020-03-14,UFC Fight Night,UFC Fight Night: Lee vs. Oliveira,2020-03-14T15:00:00,Elizeu Dos Santos,Aleksei Kunchenko,-122.0,112.0,"Brasilia, Distrito Federal, Brazil",Brazil,Red,False,Welterweight,3.0,3.62,0.42,0.0,0.33,0.33,4.18,0.39,0.6,0.45,0.14
70,110,2020-03-14,UFC Fight Night,UFC Fight Night: Lee vs. Oliveira,2020-03-14T15:00:00,Mayra Bueno Silva,Maryna Moroz,-140.0,130.0,"Brasilia, Distrito Federal, Brazil",Brazil,Blue,False,Women's Flyweight,3.0,3.25,0.25,0.5,0.33,0.14,2.24,0.34,3.0,0.0,0.0
71,110,2020-03-14,UFC Fight Night,UFC Fight Night: Lee vs. Oliveira,2020-03-14T15:00:00,Bruno Silva,David Dvorak,-110.0,100.0,"Brasilia, Distrito Federal, Brazil",Brazil,Blue,False,Flyweight,3.0,0.0,0.0,0.0,0.0,0.0,1.54,0.4,0.0,2.31,0.18
72,110,2020-03-14,UFC Fight Night,UFC Fight Night: Lee vs. Oliveira,2020-03-14T15:00:00,Veronica Macedo,Bea Malecki,-155.0,145.0,"Brasilia, Distrito Federal, Brazil",Brazil,Blue,False,Women's Bantamweight,3.0,2.72,0.26,4.3,0.0,0.0,1.9,0.45,0.8,0.8,1.0
73,118,2020-05-09,UFC 249,UFC 249: Ferguson vs. Gaethje,2020-05-09T18:00:00,Vicente Luque,Niko Price,-290.0,245.0,"Jacksonville, Florida, USA",USA,Red,False,Welterweight,3.0,3.06,0.34,1.3,1.08,0.23,5.18,0.53,1.0,0.82,0.5
74,118,2020-05-09,UFC 249,UFC 249: Ferguson vs. Gaethje,2020-05-09T18:00:00,Bryce Mitchell,Charles Rosa,-155.0,135.0,"Jacksonville, Florida, USA",USA,Red,False,Featherweight,3.0,3.79,0.36,1.2,2.82,0.34,1.78,0.5,1.8,1.75,0.28
75,118,2020-05-09,UFC 249,UFC 249: Ferguson vs. Gaethje,2020-05-09T18:00:00,Ryan Spann,Sam Alvey,-420.0,335.0,"Jacksonville, Florida, USA",USA,Red,False,Light Heavyweight,3.0,3.05,0.44,0.1,0.09,0.16,3.26,0.43,2.4,0.6,0.33
76,118,2020-05-09,UFC 249,UFC 249: Ferguson vs. Gaethje,2020-05-09T18:00:00,Anthony Pettis,Donald Cerrone,-135.0,115.0,"Jacksonville, Florida, USA",USA,Red,False,Welterweight,3.0,4.33,0.46,1.3,1.21,0.36,2.97,0.46,1.2,0.67,0.54
77,118,2020-05-09,UFC 249,UFC 249: Ferguson vs. Gaethje,2020-05-09T18:00:00,Aleksei Oleinik,Fabricio Werdum,270.0,-330.0,"Jacksonville, Florida, USA",USA,Red,False,Heavyweight,3.0,3.61,0.51,1.1,1.65,0.3,3.08,0.5,2.8,3.01,0.46
78,118,2020-05-09,UFC 249,UFC 249: Ferguson vs. Gaethje,2020-05-09T18:00:00,Carla Esparza,Michelle Waterson,-155.0,135.0,"Jacksonville, Florida, USA",USA,Red,False,Women's Strawweight,3.0,3.35,0.53,1.2,1.88,0.5,2.22,0.4,0.3,3.53,0.36
79,118,2020-05-09,UFC 249,UFC 249: Ferguson vs. Gaethje,2020-05-09T18:00:00,Uriah Hall,Jacare Souza,115.0,-135.0,"Jacksonville, Florida, USA",USA,Red,False,Middleweight,3.0,2.54,0.46,1.4,2.46,0.38,3.31,0.5,0.2,0.75,0.38
80,118,2020-05-09,UFC 249,UFC 249: Ferguson vs. Gaethje,2020-05-09T18:00:00,Tony Ferguson,Justin Gaethje,-180.0,158.0,"Jacksonville, Florida, USA",USA,Blue,True,Lightweight,5.0,8.57,0.55,0.0,0.0,0.0,5.81,0.45,1.4,0.56,0.42
81,118,2020-05-09,UFC 249,UFC 249: Ferguson vs. Gaethje,2020-05-09T18:00:00,Henry Cejudo,Dominick Cruz,-225.0,185.0,"Jacksonville, Florida, USA",USA,Red,True,Bantamweight,5.0,3.53,0.31,0.1,3.17,0.5,3.82,0.44,0.2,2.16,0.35
82,118,2020-05-09,UFC 249,UFC 249: Ferguson vs. Gaethje,2020-05-09T18:00:00,Francis Ngannou,Jairzinho Rozenstruik,-265.0,225.0,"Jacksonville, Florida, USA",USA,Red,False,Heavyweight,3.0,3.72,0.46,0.0,0.0,0.0,2.15,0.37,0.5,0.0,0.0
83,118,2020-05-09,UFC 249,UFC 249: Ferguson vs. Gaethje,2020-05-09T18:00:00,Jeremy Stephens,Calvin Kattar,210.0,-250.0,"Jacksonville, Florida, USA",USA,Blue,False,Featherweight,3.0,5.12,0.41,0.0,0.47,0.33,3.09,0.4,0.4,1.18,0.38
84,118,2020-05-09,UFC 249,UFC 249: Ferguson vs. Gaethje,2020-05-09T18:00:00,Greg Hardy,Yorgan De Castro,-200.0,170.0,"Jacksonville, Florida, USA",USA,Red,False,Heavyweight,3.0,3.58,0.53,0.0,0.0,0.0,4.77,0.49,0.0,0.0,0.0
85,127,2020-05-13,UFC Fight Night,UFC Fight Night: Smith vs. Teixeira,2020-05-13T18:00:00,Anthony Smith,Glover Teixeira,-175.0,155.0,"Jacksonville, Florida, USA",USA,Blue,False,Light Heavyweight,5.0,3.41,0.44,1.0,2.0,0.38,3.06,0.47,0.8,0.41,0.26
86,127,2020-05-13,UFC Fight Night,UFC Fight Night: Smith vs. Teixeira,2020-05-13T18:00:00,Ben Rothwell,Ovince Saint Preux,112.0,-132.0,"Jacksonville, Florida, USA",USA,Red,False,Heavyweight,3.0,2.59,0.46,0.6,1.34,0.4,3.34,0.42,0.3,0.66,0.33
87,127,2020-05-13,UFC Fight Night,UFC Fight Night: Smith vs. Teixeira,2020-05-13T18:00:00,Alexander Hernandez,Drew Dober,100.0,-120.0,"Jacksonville, Florida, USA",USA,Blue,False,Lightweight,3.0,4.51,0.4,0.1,0.95,0.17,3.07,0.41,0.0,1.52,0.3
88,127,2020-05-13,UFC Fight Night,UFC Fight Night: Smith vs. Teixeira,2020-05-13T18:00:00,Ricky Simon,Ray Borg,-170.0,150.0,"Jacksonville, Florida, USA",USA,Red,False,Bantamweight,3.0,1.36,0.52,1.1,4.26,0.51,2.96,0.4,0.2,6.53,0.49
89,127,2020-05-13,UFC Fight Night,UFC Fight Night: Smith vs. Teixeira,2020-05-13T18:00:00,Andrei Arlovski,Philipe Lins,130.0,-150.0,"Jacksonville, Florida, USA",USA,Red,False,Heavyweight,3.0,0.0,0.0,0.0,0.0,0.0,3.55,0.44,0.3,0.52,0.36
90,127,2020-05-13,UFC Fight Night,UFC Fight Night: Smith vs. Teixeira,2020-05-13T18:00:00,Michael Johnson,Thiago Moises,-110.0,-110.0,"Jacksonville, Florida, USA",USA,Blue,False,Lightweight,3.0,2.96,0.45,1.5,1.22,0.36,4.22,0.37,0.1,0.52,0.45
91,127,2020-05-13,UFC Fight Night,UFC Fight Night: Smith vs. Teixeira,2020-05-13T18:00:00,Sijara Eubanks,Sarah Moras,-370.0,310.0,"Jacksonville, Florida, USA",USA,Red,False,Women's Bantamweight,3.0,2.04,0.41,1.1,0.91,0.23,4.77,0.39,0.0,2.0,0.44
92,127,2020-05-13,UFC Fight Night,UFC Fight Night: Smith vs. Teixeira,2020-05-13T18:00:00,Gabriel Benitez,Omar Morales,160.0,-185.0,"Jacksonville, Florida, USA",USA,Blue,False,Lightweight,3.0,3.6,0.49,0.0,0.71,1.0,4.32,0.41,1.5,0.21,1.0
93,127,2020-05-13,UFC Fight Night,UFC Fight Night: Smith vs. Teixeira,2020-05-13T18:00:00,Hunter Azure,Brian Kelleher,-200.0,170.0,"Jacksonville, Florida, USA",USA,Blue,False,Featherweight,3.0,4.87,0.45,0.9,1.47,0.29,4.0,0.5,2.5,2.0,0.33
94,127,2020-05-13,UFC Fight Night,UFC Fight Night: Smith vs. Teixeira,2020-05-13T18:00:00,Chase Sherman,Ike Villanueva,-160.0,140.0,"Jacksonville, Florida, USA",USA,Red,False,Heavyweight,3.0,0.0,0.0,0.0,0.0,0.0,5.81,0.43,0.0,0.0,0.0
95,120,2020-05-16,UFC Fight Night,UFC Fight Night: Overeem vs. Harris,2020-05-16T18:00:00,Alistair Overeem,Walt Harris,135.0,-155.0,"Jacksonville, Florida, USA",USA,Red,False,Heavyweight,5.0,2.97,0.39,0.2,0.32,0.33,3.66,0.63,0.9,1.4,0.54
96,120,2020-05-16,UFC Fight Night,UFC Fight Night: Overeem vs. Harris,2020-05-16T18:00:00,Claudia Gadelha,Angela Hill,-255.0,215.0,"Jacksonville, Florida, USA",USA,Red,False,Women's Strawweight,3.0,5.76,0.49,0.2,0.47,0.37,3.4,0.41,0.7,3.13,0.45
97,120,2020-05-16,UFC Fight Night,UFC Fight Night: Overeem vs. Harris,2020-05-16T18:00:00,Dan Ige,Edson Barboza,112.0,-132.0,"Jacksonville, Florida, USA",USA,Red,False,Featherweight,3.0,4.08,0.43,0.1,0.46,0.44,4.12,0.48,0.7,2.15,0.34
98,120,2020-05-16,UFC Fight Night,UFC Fight Night: Overeem vs. Harris,2020-05-16T18:00:00,Krzysztof Jotko,Eryk Anders,-105.0,-105.0,"Jacksonville, Florida, USA",USA,Red,False,Middleweight,3.0,3.02,0.45,0.1,1.34,0.34,2.98,0.45,0.1,1.27,0.35
99,120,2020-05-16,UFC Fight Night,UFC Fight Night: Overeem vs. Harris,2020-05-16T18:00:00,Song Yadong,Marlon Vera,-200.0,170.0,"Jacksonville, Florida, USA",USA,Red,False,Featherweight,3.0,3.7,0.48,1.3,0.88,0.42,4.32,0.42,0.5,0.73,0.75
100,120,2020-05-16,UFC Fight Night,UFC Fight Night: Overeem vs. Harris,2020-05-16T18:00:00,Miguel Baeza,Matt Brown,-155.0,-155.0,"Jacksonville, Florida, USA",USA,Red,False,Welterweight,3.0,3.81,0.54,1.5,1.6,0.47,4.78,0.56,1.1,0.54,0.33
101,120,2020-05-16,UFC Fight Night,UFC Fight Night: Overeem vs. Harris,2020-05-16T18:00:00,Kevin Holland,Anthony Hernandez,-110.0,-110.0,"Jacksonville, Florida, USA",USA,Red,False,Middleweight,3.0,5.03,0.53,0.9,5.27,0.66,4.29,0.55,1.1,1.26,0.43
102,120,2020-05-16,UFC Fight Night,UFC Fight Night: Overeem vs. Harris,2020-05-16T18:00:00,Giga Chikadze,Irwin Rivera,-420.0,335.0,"Jacksonville, Florida, USA",USA,Red,False,Featherweight,3.0,2.27,0.36,0.0,0.0,0.0,3.31,0.44,0.0,0.51,0.5
103,120,2020-05-16,UFC Fight Night,UFC Fight Night: Overeem vs. Harris,2020-05-16T18:00:00,Nate Landwehr,Darren Elkins,100.0,-120.0,"Jacksonville, Florida, USA",USA,Red,False,Featherweight,3.0,3.54,0.37,1.2,2.43,0.33,6.89,0.5,0.0,0.0,0.0
104,120,2020-05-16,UFC Fight Night,UFC Fight Night: Overeem vs. Harris,2020-05-16T18:00:00,Cortney Casey,Mara Romero Borella,-185.0,160.0,"Jacksonville, Florida, USA",USA,Red,False,Women's Flyweight,3.0,2.54,0.37,0.2,1.66,0.43,4.72,0.38,0.7,0.34,0.3
105,120,2020-05-16,UFC Fight Night,UFC Fight Night: Overeem vs. Harris,2020-05-16T18:00:00,Rodrigo Nascimento,Don'Tale Mayes,-115.0,-105.0,"Jacksonville, Florida, USA",USA,Red,False,Heavyweight,3.0,4.19,0.45,0.0,0.0,0.0,4.44,0.56,2.9,2.9,1.0
106,128,2020-05-30,UFC Fight Night,UFC Fight Night: Woodley vs. Burns,2020-05-30T18:00:00,Tyron Woodley,Gilbert Burns,-170.0,150.0,"Las Vegas, Nevada, USA",USA,Blue,False,Welterweight,5.0,3.13,0.44,0.7,2.39,0.38,2.5,0.49,0.5,1.21,0.41
107,128,2020-05-30,UFC Fight Night,UFC Fight Night: Woodley vs. Burns,2020-05-30T18:00:00,Blagoy Ivanov,Augusto Sakai,-105.0,-115.0,"Las Vegas, Nevada, USA",USA,Blue,False,Heavyweight,3.0,5.51,0.46,0.0,0.24,0.5,3.09,0.38,0.2,1.07,0.62
108,128,2020-05-30,UFC Fight Night,UFC Fight Night: Woodley vs. Burns,2020-05-30T18:00:00,Billy Quarantillo,Spike Carlyle,-130.0,110.0,"Las Vegas, Nevada, USA",USA,Red,False,Catch Weight,3.0,14.12,0.68,0.0,0.0,0.0,10.77,0.81,4.0,0.8,0.25
109,128,2020-05-30,UFC Fight Night,UFC Fight Night: Woodley vs. Burns,2020-05-30T18:00:00,Roosevelt Roberts,Brok Weaver,-360.0,300.0,"Las Vegas, Nevada, USA",USA,Red,False,Lightweight,3.0,5.57,0.73,0.8,0.0,0.0,2.87,0.46,0.5,1.84,0.63
110,128,2020-05-30,UFC Fight Night,UFC Fight Night: Woodley vs. Burns,2020-05-30T18:00:00,Mackenzie Dern,Hannah Cifers,-420.0,335.0,"Las Vegas, Nevada, USA",USA,Red,False,Women's Strawweight,3.0,4.82,0.45,0.3,0.32,1.0,3.24,0.32,0.9,0.46,0.08
111,128,2020-05-30,UFC Fight Night,UFC Fight Night: Woodley vs. Burns,2020-05-30T18:00:00,Katlyn Chookagian,Antonina Shevchenko,110.0,-130.0,"Las Vegas, Nevada, USA",USA,Red,False,Women's Flyweight,3.0,4.9,0.57,1.0,0.67,1.0,4.11,0.32,0.1,0.0,0.0
112,128,2020-05-30,UFC Fight Night,UFC Fight Night: Woodley vs. Burns,2020-05-30T18:00:00,Daniel Rodriguez,Gabe Green,-335.0,275.0,"Las Vegas, Nevada, USA",USA,Red,False,Welterweight,3.0,0.0,0.0,0.0,0.0,0.0,6.65,0.45,0.6,2.54,0.8
113,128,2020-05-30,UFC Fight Night,UFC Fight Night: Woodley vs. Burns,2020-05-30T18:00:00,Jamahal Hill,Klidson Abreu,-117.0,-103.0,"Las Vegas, Nevada, USA",USA,Red,False,Light Heavyweight,3.0,2.02,0.39,0.0,0.67,0.2,7.92,0.52,0.0,0.0,0.0
114,128,2020-05-30,UFC Fight Night,UFC Fight Night: Woodley vs. Burns,2020-05-30T18:00:00,Tim Elliott,Brandon Royval,-162.0,142.0,"Las Vegas, Nevada, USA",USA,Blue,False,Flyweight,3.0,0.0,0.0,0.0,0.0,0.0,3.49,0.46,1.2,4.14,0.57
115,128,2020-05-30,UFC Fight Night,UFC Fight Night: Woodley vs. Burns,2020-05-30T18:00:00,Louis Smolka,Casey Kenney,230.0,-270.0,"Las Vegas, Nevada, USA",USA,Blue,False,Bantamweight,3.0,3.39,0.4,0.6,1.4,0.5,4.22,0.46,2.1,1.65,0.34
116,128,2020-05-30,UFC Fight Night,UFC Fight Night: Woodley vs. Burns,2020-05-30T18:00:00,Chris Gutierrez,Vince Morales,-110.0,-110.0,"Las Vegas, Nevada, USA",USA,Red,False,Featherweight,3.0,4.84,0.39,0.0,0.0,0.0,3.65,0.55,0.0,0.38,0.33
117,119,2020-06-06,UFC 250,UFC 250: Nunes vs. Spencer,2020-06-06T18:00:00,Amanda Nunes,Felicia Spencer,-600.0,450.0,"Las Vegas, Nevada, USA",USA,Red,True,Women's Featherweight,5.0,4.54,0.55,0.7,1.36,0.16,4.34,0.49,0.7,2.33,0.47
118,119,2020-06-06,UFC 250,UFC 250: Nunes vs. Spencer,2020-06-06T18:00:00,Raphael Assuncao,Cody Garbrandt,120.0,-140.0,"Las Vegas, Nevada, USA",USA,Blue,False,Bantamweight,3.0,3.53,0.37,0.0,0.94,0.33,3.32,0.41,0.3,1.54,0.38
119,119,2020-06-06,UFC 250,UFC 250: Nunes vs. Spencer,2020-06-06T18:00:00,Aljamain Sterling,Cory Sandhagen,-115.0,-105.0,"Las Vegas, Nevada, USA",USA,Red,False,Bantamweight,3.0,7.14,0.48,0.6,1.24,0.5,4.85,0.5,0.8,1.91,0.29
120,119,2020-06-06,UFC 250,UFC 250: Nunes vs. Spencer,2020-06-06T18:00:00,Neil Magny,Anthony Rocco Martin,-135.0,115.0,"Las Vegas, Nevada, USA",USA,Red,False,Welterweight,3.0,2.7,0.36,1.1,0.68,0.25,3.93,0.46,0.3,2.7,0.47
121,119,2020-06-06,UFC 250,UFC 250: Nunes vs. Spencer,2020-06-06T18:00:00,Eddie Wineland,Sean O'Malley,400.0,-500.0,"Las Vegas, Nevada, USA",USA,Blue,False,Bantamweight,3.0,6.87,0.57,1.2,1.24,0.5,3.41,0.29,0.1,0.28,0.28
122,119,2020-06-06,UFC 250,UFC 250: Nunes vs. Spencer,2020-06-06T18:00:00,Alex Caceres,Chase Hooper,168.0,-195.0,"Las Vegas, Nevada, USA",USA,Red,False,Featherweight,3.0,5.16,0.63,3.8,0.77,0.16,3.98,0.48,0.8,0.53,0.75
123,119,2020-06-06,UFC 250,UFC 250: Nunes vs. Spencer,2020-06-06T18:00:00,Ian Heinisch,Gerald Meerschaert,-130.0,110.0,"Las Vegas, Nevada, USA",USA,Red,False,Middleweight,3.0,3.32,0.43,1.7,2.37,0.43,3.38,0.5,0.5,1.18,0.19
124,119,2020-06-06,UFC 250,UFC 250: Nunes vs. Spencer,2020-06-06T18:00:00,Cody Stamann,Brian Kelleher,-250.0,210.0,"Las Vegas, Nevada, USA",USA,Red,False,Featherweight,3.0,4.65,0.43,0.8,1.26,0.23,4.25,0.49,0.0,3.58,0.48
125,119,2020-06-06,UFC 250,UFC 250: Nunes vs. Spencer,2020-06-06T18:00:00,Charles Byrd,Maki Pitolo,-175.0,155.0,"Las Vegas, Nevada, USA",USA,Blue,False,Middleweight,3.0,5.42,0.45,0.9,0.0,0.0,3.86,0.57,1.9,2.52,0.5
126,119,2020-06-06,UFC 250,UFC 250: Nunes vs. Spencer,2020-06-06T18:00:00,Jussier Formiga,Alex Perez,115.0,-135.0,"Las Vegas, Nevada, USA",USA,Blue,False,Flyweight,3.0,4.48,0.47,1.5,3.27,0.5,1.35,0.39,0.6,1.87,0.35
127,119,2020-06-06,UFC 250,UFC 250: Nunes vs. Spencer,2020-06-06T18:00:00,Alonzo Menifield,Devin Clark,-225.0,185.0,"Las Vegas, Nevada, USA",USA,Blue,False,Light Heavyweight,3.0,3.12,0.55,0.1,3.03,0.42,5.07,0.48,0.0,0.0,0.0
128,119,2020-06-06,UFC 250,UFC 250: Nunes vs. Spencer,2020-06-06T18:00:00,Evan Dunham,Herbert Burns,185.0,-225.0,"Las Vegas, Nevada, USA",USA,Blue,False,Catch Weight,3.0,2.31,0.42,5.8,2.88,1.0,5.35,0.39,1.0,1.83,0.33
129,129,2020-06-13,UFC Fight Night,UFC Fight Night: Eye vs. Calvillo,2020-06-13T19:00:00,Jessica Eye,Cynthia Calvillo,120.0,-130.0,"Las Vegas, Nevada, USA",USA,Blue,False,Women's Flyweight,5.0,4.12,0.43,1.6,1.83,0.43,3.79,0.38,0.7,0.46,0.45
130,129,2020-06-13,UFC Fight Night,UFC Fight Night: Eye vs. Calvillo,2020-06-13T19:00:00,Karl Roberson,Marvin Vettori,210.0,-230.0,"Las Vegas, Nevada, USA",USA,Blue,False,Middleweight,3.0,4.05,0.41,0.6,1.43,0.45,3.16,0.52,0.8,1.07,0.57
131,129,2020-06-13,UFC Fight Night,UFC Fight Night: Eye vs. Calvillo,2020-06-13T19:00:00,Charles Rosa,Kevin Aguilar,170.0,-185.0,"Las Vegas, Nevada, USA",USA,Red,False,Lightweight,3.0,3.73,0.36,0.0,0.24,0.5,3.21,0.36,1.0,2.35,0.34
132,129,2020-06-13,UFC Fight Night,UFC Fight Night: Eye vs. Calvillo,2020-06-13T19:00:00,Andre Fili,Charles Jourdain,-220.0,200.0,"Las Vegas, Nevada, USA",USA,Red,False,Featherweight,3.0,4.85,0.43,0.0,0.0,0.0,4.0,0.37,0.2,2.49,0.45
133,129,2020-06-13,UFC Fight Night,UFC Fight Night: Eye vs. Calvillo,2020-06-13T19:00:00,Jordan Espinosa,Mark De La Rosa,-167.0,157.0,"Las Vegas, Nevada, USA",USA,Red,False,Bantamweight,3.0,3.28,0.36,0.2,0.66,0.15,4.25,0.55,0.4,0.85,0.2
134,129,2020-06-13,UFC Fight Night,UFC Fight Night: Eye vs. Calvillo,2020-06-13T19:00:00,Mariya Agapova,Hannah Cifers,-335.0,305.0,"Las Vegas, Nevada, USA",USA,Red,False,Women's Flyweight,3.0,4.71,0.44,0.3,0.31,1.0,2.6,0.48,0.0,0.0,0.0
135,129,2020-06-13,UFC Fight Night,UFC Fight Night: Eye vs. Calvillo,2020-06-13T19:00:00,Merab Dvalishvili,Gustavo Lopez,-800.0,635.0,"Las Vegas, Nevada, USA",USA,Red,False,Catch Weight,3.0,0.0,0.0,0.0,0.0,0.0,3.84,0.37,0.0,7.8,0.45
136,129,2020-06-13,UFC Fight Night,UFC Fight Night: Eye vs. Calvillo,2020-06-13T19:00:00,Julia Avila,Gina Mazany,-575.0,485.0,"Las Vegas, Nevada, USA",USA,Red,False,Women's Bantamweight,3.0,2.72,0.49,0.0,3.18,0.77,3.27,0.4,0.0,0.0,0.0
137,129,2020-06-13,UFC Fight Night,UFC Fight Night: Eye vs. Calvillo,2020-06-13T19:00:00,Tyson Nam,Zarrukh Adashev,-135.0,125.0,"Las Vegas, Nevada, USA",USA,Red,False,Bantamweight,3.0,0.0,0.0,0.0,0.0,0.0,3.0,0.27,0.0,0.0,0.0
138,129,2020-06-13,UFC Fight Night,UFC Fight Night: Eye vs. Calvillo,2020-06-13T19:00:00,Anthony Ivy,Christian Aguilera,-185.0,170.0,"Las Vegas, Nevada, USA",USA,Blue,False,Welterweight,3.0,0.0,0.0,0.0,0.0,0.0,0.0,0.0,0.0,0.0,0.0
139,130,2020-06-20,UFC Fight Night,UFC Fight Night: Blaydes vs. Volkov,2020-06-20T17:00:00,Curtis Blaydes,Alexander Volkov,-400.0,325.0,"Las Vegas, Nevada, USA",USA,Red,False,Heavyweight,5.0,5.36,0.6,0.2,0.75,0.75,3.74,0.51,0.0,6.63,0.55
140,130,2020-06-20,UFC Fight Night,UFC Fight Night: Blaydes vs. Volkov,2020-06-20T17:00:00,Josh Emmett,Shane Burgos,120.0,-140.0,"Las Vegas, Nevada, USA",USA,Red,False,Featherweight,3.0,7.09,0.5,0.2,0.36,1.0,3.63,0.36,0.2,1.5,0.45
141,130,2020-06-20,UFC Fight Night,UFC Fight Night: Blaydes vs. Volkov,2020-06-20T17:00:00,Raquel Pennington,Marion Reneau,-160.0,140.0,"Las Vegas, Nevada, USA",USA,Red,False,Women's Bantamweight,3.0,3.46,0.41,1.1,0.35,1.0,3.32,0.46,0.8,1.13,0.27
142,130,2020-06-20,UFC Fight Night,UFC Fight Night: Blaydes vs. Volkov,2020-06-20T17:00:00,Belal Muhammad,Lyman Good,-130.0,110.0,"Las Vegas, Nevada, USA",USA,Red,False,Welterweight,3.0,5.32,0.49,0.0,0.38,1.0,4.37,0.41,0.2,2.15,0.31
143,130,2020-06-20,UFC Fight Night,UFC Fight Night: Blaydes vs. Volkov,2020-06-20T17:00:00,Jim Miller,Roosevelt Roberts,200.0,-240.0,"Las Vegas, Nevada, USA",USA,Red,False,Catch Weight,3.0,3.12,0.49,1.1,1.83,0.57,2.83,0.4,1.9,1.69,0.41
144,130,2020-06-20,UFC Fight Night,UFC Fight Night: Blaydes vs. Volkov,2020-06-20T17:00:00,Clay Guida,Bobby Green,195.0,-235.0,"Las Vegas, Nevada, USA",USA,Blue,False,Lightweight,3.0,4.95,0.49,0.3,1.12,0.29,2.45,0.33,0.7,3.39,0.38
145,130,2020-06-20,UFC Fight Night,UFC Fight Night: Blaydes vs. Volkov,2020-06-20T17:00:00,Tecia Torres,Brianna Van Buren,175.0,-210.0,"Las Vegas, Nevada, USA",USA,Red,False,Women's Strawweight,3.0,4.8,0.38,0.0,3.0,0.75,4.04,0.47,0.1,0.67,0.14
146,130,2020-06-20,UFC Fight Night,UFC Fight Night: Blaydes vs. Volkov,2020-06-20T17:00:00,Marc-Andre Barriault,Oskar Piechota,100.0,-120.0,"Las Vegas, Nevada, USA",USA,Red,False,Middleweight,3.0,3.19,0.55,1.9,0.76,0.5,3.53,0.43,0.0,0.33,0.16
147,130,2020-06-20,UFC Fight Night,UFC Fight Night: Blaydes vs. Volkov,2020-06-20T17:00:00,Cortney Casey,Gillian Robertson,100.0,-120.0,"Las Vegas, Nevada, USA",USA,Blue,False,Women's Flyweight,3.0,2.18,0.5,1.3,3.44,0.47,4.72,0.38,0.7,0.34,0.3
148,130,2020-06-20,UFC Fight Night,UFC Fight Night: Blaydes vs. Volkov,2020-06-20T17:00:00,Frank Camacho,Justin Jaynes,-340.0,280.0,"Las Vegas, Nevada, USA",USA,Blue,False,Lightweight,3.0,0.0,0.0,0.0,0.0,0.0,6.68,0.46,0.0,1.18,0.45
149,130,2020-06-20,UFC Fight Night,UFC Fight Night: Blaydes vs. Volkov,2020-06-20T17:00:00,Roxanne Modafferi,Lauren Murphy,-125.0,105.0,"Las Vegas, Nevada, USA",USA,Blue,False,Women's Flyweight,3.0,3.76,0.38,0.0,1.03,0.32,3.06,0.31,0.1,1.45,0.21
150,130,2020-06-20,UFC Fight Night,UFC Fight Night: Blaydes vs. Volkov,2020-06-20T17:00:00,Austin Hubbard,Max Rohskopf,160.0,-185.0,"Las Vegas, Nevada, USA",USA,Red,False,Lightweight,3.0,0.0,0.0,0.0,0.0,0.0,3.02,0.44,0.0,1.0,0.6
151,131,2020-06-27,UFC Fight Night,UFC Fight Night: Poirier vs. Hooker,2020-06-27T18:00:00,Dustin Poirier,Dan Hooker,-225.0,180.0,"Las Vegas, Nevada, USA",USA,Red,False,Lightweight,5.0,4.76,0.45,0.3,0.43,0.28,5.51,0.49,1.2,1.55,0.37
152,131,2020-06-27,UFC Fight Night,UFC Fight Night: Poirier vs. Hooker,2020-06-27T18:00:00,Mike Perry,Mickey Gall,-315.0,235.0,"Las Vegas, Nevada, USA",USA,Red,False,Welterweight,3.0,2.22,0.43,2.7,1.5,0.38,4.27,0.47,0.0,0.61,0.41
153,131,2020-06-27,UFC Fight Night,UFC Fight Night: Poirier vs. Hooker,2020-06-27T18:00:00,Brendan Allen,Kyle Daukaus,-305.0,235.0,"Las Vegas, Nevada, USA",USA,Red,False,Middleweight,3.0,4.53,0.67,4.0,2.0,0.4,2.62,0.59,4.5,2.68,0.37
154,131,2020-06-27,UFC Fight Night,UFC Fight Night: Poirier vs. Hooker,2020-06-27T18:00:00,Gian Villante,Maurice Greene,180.0,-230.0,"Las Vegas, Nevada, USA",USA,Blue,False,Heavyweight,3.0,4.19,0.44,0.5,0.0,0.0,4.26,0.42,0.0,0.53,0.23
155,131,2020-06-27,UFC Fight Night,UFC Fight Night: Poirier vs. Hooker,2020-06-27T18:00:00,Luis Pena,Khama Worthy,-250.0,195.0,"Las Vegas, Nevada, USA",USA,Blue,False,Lightweight,3.0,4.94,0.41,0.0,0.0,0.0,3.32,0.46,1.0,1.0,0.29
156,131,2020-06-27,UFC Fight Night,UFC Fight Night: Poirier vs. Hooker,2020-06-27T18:00:00,Mara Romero Borella,Miranda Maverick,230.0,-305.0,"Las Vegas, Nevada, USA",USA,Red,False,Women's Flyweight,3.0,0.0,0.0,0.0,0.0,0.0,2.54,0.37,0.2,1.66,0.43
157,131,2020-06-27,UFC Fight Night,UFC Fight Night: Poirier vs. Hooker,2020-06-27T18:00:00,Philipe Lins,Tanner Boser,-112.0,-112.0,"Las Vegas, Nevada, USA",USA,Blue,False,Heavyweight,3.0,4.17,0.49,0.0,0.0,0.0,2.73,0.41,0.0,0.0,0.0
158,131,2020-06-27,UFC Fight Night,UFC Fight Night: Poirier vs. Hooker,2020-06-27T18:00:00,Sean Woodson,Julian Erosa,-455.0,325.0,"Las Vegas, Nevada, USA",USA,Blue,False,Catch Weight,3.0,4.18,0.45,0.8,0.83,0.6,5.27,0.43,0.0,0.0,0.0
159,131,2020-06-27,UFC Fight Night,UFC Fight Night: Poirier vs. Hooker,2020-06-27T18:00:00,Takashi Sato,Jason Witt,-278.0,215.0,"Las Vegas, Nevada, USA",USA,Red,False,Welterweight,3.0,0.0,0.0,0.0,0.0,0.0,3.13,0.36,0.0,0.82,0.5
160,131,2020-06-27,UFC Fight Night,UFC Fight Night: Poirier vs. Hooker,2020-06-27T18:00:00,Kay Hansen,Jinh Yu Frey,-175.0,138.0,"Las Vegas, Nevada, USA",USA,Red,False,Women's Strawweight,3.0,0.0,0.0,0.0,0.0,0.0,0.0,0.0,0.0,0.0,0.0
161,131,2020-06-27,UFC Fight Night,UFC Fight Night: Poirier vs. Hooker,2020-06-27T18:00:00,Jordan Griffin,Youssef Zalal,-106.0,-114.0,"Las Vegas, Nevada, USA",USA,Blue,False,Featherweight,3.0,2.07,0.56,2.0,6.0,0.5,2.87,0.48,2.5,0.35,0.2
162,121,2020-07-11,UFC 251,UFC 251: Usman vs. Masvidal,2020-07-11T18:00:00,Kamaru Usman,Jorge Masvidal,-240.0,190.0,"Abu Dhabi, Abu Dhabi, United Arab Emirates",United Arab Emirates,Red,True,Welterweight,5.0,4.33,0.47,0.4,1.7,0.59,4.6,0.52,0.2,3.44,0.5
163,121,2020-07-11,UFC 251,UFC 251: Usman vs. Masvidal,2020-07-11T18:00:00,Alexander Volkanovski,Max Holloway,-210.0,170.0,"Abu Dhabi, Abu Dhabi, United Arab Emirates",United Arab Emirates,Red,True,Featherweight,3.0,6.66,0.44,0.4,0.24,0.83,6.15,0.57,0.4,2.16,0.34
164,121,2020-07-11,UFC 251,UFC 251: Usman vs. Masvidal,2020-07-11T18:00:00,Petr Yan,Jose Aldo,-215.0,175.0,"Abu Dhabi, Abu Dhabi, United Arab Emirates",United Arab Emirates,Red,True,Bantamweight,3.0,3.47,0.44,0.1,0.64,0.65,5.65,0.46,0.2,1.73,0.53
165,121,2020-07-11,UFC 251,UFC 251: Usman vs. Masvidal,2020-07-11T18:00:00,Jessica Andrade,Rose Namajunas,175.0,-215.0,"Abu Dhabi, Abu Dhabi, United Arab Emirates",United Arab Emirates,Blue,False,Women's Strawweight,3.0,3.95,0.42,0.9,2.17,0.55,6.55,0.51,0.5,3.21,0.58
166,121,2020-07-11,UFC 251,UFC 251: Usman vs. Masvidal,2020-07-11T18:00:00,Amanda Ribas,Paige VanZant,-770.0,500.0,"Abu Dhabi, Abu Dhabi, United Arab Emirates",United Arab Emirates,Red,False,Women's Flyweight,3.0,3.4,0.52,1.0,1.31,0.33,4.84,0.44,1.6,2.02,0.5
167,121,2020-07-11,UFC 251,UFC 251: Usman vs. Masvidal,2020-07-11T18:00:00,Volkan Oezdemir,Jiri Prochazka,-159.0,129.0,"Abu Dhabi, Abu Dhabi, United Arab Emirates",United Arab Emirates,Blue,False,Light Heavyweight,3.0,0.0,0.0,0.0,0.0,0.0,4.88,0.45,0.0,0.39,0.22
168,121,2020-07-11,UFC 251,UFC 251: Usman vs. Masvidal,2020-07-11T18:00:00,Elizeu Zaleski dos Santos,Muslim Salikhov,108.0,-134.0,"Abu Dhabi, Abu Dhabi, United Arab Emirates",United Arab Emirates,Blue,False,Welterweight,3.0,2.92,0.46,0.0,1.22,0.42,4.17,0.39,0.5,0.65,0.2
169,121,2020-07-11,UFC 251,UFC 251: Usman vs. Masvidal,2020-07-11T18:00:00,Makwan Amirkhani,Danny Henry,-215.0,170.0,"Abu Dhabi, Abu Dhabi, United Arab Emirates",United Arab Emirates,Red,False,Featherweight,3.0,5.85,0.53,2.7,0.89,0.33,1.6,0.47,1.5,3.39,0.34
170,121,2020-07-11,UFC 251,UFC 251: Usman vs. Masvidal,2020-07-11T18:00:00,Leonardo Santos,Roman Bogatov,-177.0,145.0,"Abu Dhabi, Abu Dhabi, United Arab Emirates",United Arab Emirates,Red,False,Lightweight,3.0,0.0,0.0,0.0,0.0,0.0,2.4,0.41,0.4,1.1,0.25
171,121,2020-07-11,UFC 251,UFC 251: Usman vs. Masvidal,2020-07-11T18:00:00,Marcin Tybura,Maxim Grishin,-112.0,-112.0,"Abu Dhabi, Abu Dhabi, United Arab Emirates",United Arab Emirates,Red,False,Heavyweight,3.0,0.0,0.0,0.0,0.0,0.0,3.52,0.5,0.1,1.54,0.5
172,121,2020-07-11,UFC 251,UFC 251: Usman vs. Masvidal,2020-07-11T18:00:00,Raulian Paiva,Zhalgas Zhamagulov,-180.0,142.0,"Abu Dhabi, Abu Dhabi, United Arab Emirates",United Arab Emirates,Red,False,Flyweight,3.0,0.0,0.0,0.0,0.0,0.0,4.81,0.43,0.3,0.35,0.2
173,121,2020-07-11,UFC 251,UFC 251: Usman vs. Masvidal,2020-07-11T18:00:00,Karol Rosa,Vanessa Melo,-250.0,195.0,"Abu Dhabi, Abu Dhabi, United Arab Emirates",United Arab Emirates,Red,False,Women's Bantamweight,3.0,3.6,0.28,0.0,0.0,0.0,11.4,0.48,0.0,0.0,0.0
174,121,2020-07-11,UFC 251,UFC 251: Usman vs. Masvidal,2020-07-11T18:00:00,Martin Day,Davey Grant,-162.0,130.0,"Abu Dhabi, Abu Dhabi, United Arab Emirates",United Arab Emirates,Blue,False,Bantamweight,3.0,3.13,0.52,0.0,2.64,0.47,5.6,0.49,1.0,1.0,0.66
175,132,2020-07-15,UFC Fight Night,UFC Fight Night: Kattar vs. Ige,2020-07-15T19:00:00,Calvin Kattar,Dan Ige,-286.0,220.0,"Abu Dhabi, Abu Dhabi, United Arab Emirates",United Arab Emirates,Red,False,Featherweight,5.0,4.12,0.48,0.7,2.15,0.34,5.29,0.41,0.0,0.42,0.28
176,132,2020-07-15,UFC Fight Night,UFC Fight Night: Kattar vs. Ige,2020-07-15T19:00:00,Tim Elliott,Ryan Benoit,-141.0,112.0,"Abu Dhabi, Abu Dhabi, United Arab Emirates",United Arab Emirates,Red,False,Flyweight,3.0,2.8,0.4,0.2,0.2,0.16,3.41,0.46,1.2,4.31,0.55
177,132,2020-07-15,UFC Fight Night,UFC Fight Night: Kattar vs. Ige,2020-07-15T19:00:00,Jimmie Rivera,Cody Stamann,-141.0,112.0,"Abu Dhabi, Abu Dhabi, United Arab Emirates",United Arab Emirates,Red,False,Featherweight,3.0,4.51,0.49,0.0,3.34,0.48,4.1,0.4,0.0,0.7,0.23
178,132,2020-07-15,UFC Fight Night,UFC Fight Night: Kattar vs. Ige,2020-07-15T19:00:00,Molly McCann,Taila Santos,-152.0,120.0,"Abu Dhabi, Abu Dhabi, United Arab Emirates",United Arab Emirates,Blue,False,Women's Flyweight,3.0,4.23,0.49,1.0,1.0,1.0,6.49,0.49,0.9,2.59,0.33
179,132,2020-07-15,UFC Fight Night,UFC Fight Night: Kattar vs. Ige,2020-07-15T19:00:00,Abdul Razak Alhassan,Mounir Lazzez,-345.0,260.0,"Abu Dhabi, Abu Dhabi, United Arab Emirates",United Arab Emirates,Blue,False,Welterweight,3.0,0.0,0.0,0.0,0.0,0.0,4.59,0.46,0.0,0.57,0.33
180,132,2020-07-15,UFC Fight Night,UFC Fight Night: Kattar vs. Ige,2020-07-15T19:00:00,John Phillips,Khamzat Chimaev,271.0,-375.0,"Abu Dhabi, Abu Dhabi, United Arab Emirates",United Arab Emirates,Blue,False,Middleweight,3.0,0.0,0.0,0.0,0.0,0.0,2.64,0.34,0.0,0.0,0.0
181,132,2020-07-15,UFC Fight Night,UFC Fight Night: Kattar vs. Ige,2020-07-15T19:00:00,Ricardo Ramos,Lerone Murphy,-162.0,130.0,"Abu Dhabi, Abu Dhabi, United Arab Emirates",United Arab Emirates,Blue,False,Featherweight,3.0,1.87,0.35,2.0,0.0,0.0,3.05,0.39,0.7,2.13,0.64
182,132,2020-07-15,UFC Fight Night,UFC Fight Night: Kattar vs. Ige,2020-07-15T19:00:00,Modestas Bukauskas,Andreas Michailidis,-177.0,140.0,"Abu Dhabi, Abu Dhabi, United Arab Emirates",United Arab Emirates,Red,False,Light Heavyweight,3.0,0.0,0.0,0.0,0.0,0.0,0.0,0.0,0.0,0.0,0.0
183,132,2020-07-15,UFC Fight Night,UFC Fight Night: Kattar vs. Ige,2020-07-15T19:00:00,Jared Gordon,Chris Fishgold,-143.0,115.0,"Abu Dhabi, Abu Dhabi, United Arab Emirates",United Arab Emirates,Red,False,Featherweight,3.0,2.53,0.31,1.5,4.55,0.5,6.26,0.54,0.0,2.98,0.39
184,132,2020-07-15,UFC Fight Night,UFC Fight Night: Kattar vs. Ige,2020-07-15T19:00:00,Diana Belbita,Liana Jojua,-195.0,155.0,"Abu Dhabi, Abu Dhabi, United Arab Emirates",United Arab Emirates,Blue,False,Women's Flyweight,3.0,1.53,0.42,0.0,2.41,0.66,6.53,0.38,0.0,1.0,1.0
185,132,2020-07-15,UFC Fight Night,UFC Fight Night: Kattar vs. Ige,2020-07-15T19:00:00,Jack Shore,Aaron Phillips,-715.0,475.0,"Abu Dhabi, Abu Dhabi, United Arab Emirates",United Arab Emirates,Red,False,Bantamweight,3.0,1.87,0.59,0.5,0.0,0.0,3.58,0.5,1.2,4.67,0.57
186,133,2020-07-18,UFC Fight Night,UFC Fight Night: Figueiredo vs. Benavidez 2,2020-07-18T17:00:00,Deiveson Figueiredo,Joseph Benavidez,-225.0,180.0,"Abu Dhabi, Abu Dhabi, United Arab Emirates",United Arab Emirates,Red,True,Flyweight,5.0,3.53,0.34,0.6,1.5,0.3,2.54,0.52,2.4,1.81,0.5
187,133,2020-07-18,UFC Fight Night,UFC Fight Night: Figueiredo vs. Benavidez 2,2020-07-18T17:00:00,Jack Hermansson,Kelvin Gastelum,-112.0,-112.0,"Abu Dhabi, Abu Dhabi, United Arab Emirates",United Arab Emirates,Red,False,Middleweight,3.0,3.75,0.43,0.1,0.8,0.35,5.13,0.48,0.7,2.23,0.36
188,133,2020-07-18,UFC Fight Night,UFC Fight Night: Figueiredo vs. Benavidez 2,2020-07-18T17:00:00,Marc Diakiese,Rafael Fiziev,-167.0,135.0,"Abu Dhabi, Abu Dhabi, United Arab Emirates",United Arab Emirates,Blue,False,Lightweight,3.0,4.08,0.5,0.0,0.91,1.0,2.86,0.37,0.0,2.5,0.4
189,133,2020-07-18,UFC Fight Night,UFC Fight Night: Figueiredo vs. Benavidez 2,2020-07-18T17:00:00,Ariane Lipski,Luana Carolina,-125.0,100.0,"Abu Dhabi, Abu Dhabi, United Arab Emirates",United Arab Emirates,Red,False,Women's Flyweight,3.0,6.53,0.5,2.0,0.0,0.0,3.38,0.31,0.3,0.33,1.0
190,133,2020-07-18,UFC Fight Night,UFC Fight Night: Figueiredo vs. Benavidez 2,2020-07-18T17:00:00,Alexandre Pantoja,Askar Askarov,-210.0,165.0,"Abu Dhabi, Abu Dhabi, United Arab Emirates",United Arab Emirates,Blue,False,Flyweight,3.0,3.43,0.48,0.0,2.0,0.22,4.58,0.47,1.3,1.1,0.35
191,133,2020-07-18,UFC Fight Night,UFC Fight Night: Figueiredo vs. Benavidez 2,2020-07-18T17:00:00,Roman Dolidze,Khadis Ibragimov,-167.0,135.0,"Abu Dhabi, Abu Dhabi, United Arab Emirates",United Arab Emirates,Red,False,Light Heavyweight,3.0,5.23,0.52,0.0,1.67,0.3,0.0,0.0,0.0,0.0,0.0
192,133,2020-07-18,UFC Fight Night,UFC Fight Night: Figueiredo vs. Benavidez 2,2020-07-18T17:00:00,Grant Dawson,Nad Narimani,-250.0,195.0,"Abu Dhabi, Abu Dhabi, United Arab Emirates",United Arab Emirates,Red,False,Catch Weight,3.0,3.8,0.43,0.0,2.64,0.41,3.48,0.48,2.5,5.09,0.48
193,133,2020-07-18,UFC Fight Night,UFC Fight Night: Figueiredo vs. Benavidez 2,2020-07-18T17:00:00,Joe Duffy,Joel Alvarez,-335.0,250.0,"Abu Dhabi, Abu Dhabi, United Arab Emirates",United Arab Emirates,Blue,False,Lightweight,3.0,2.55,0.33,0.0,0.0,0.0,2.56,0.33,0.8,0.75,0.6
194,133,2020-07-18,UFC Fight Night,UFC Fight Night: Figueiredo vs. Benavidez 2,2020-07-18T17:00:00,Brett Johns,Montel Jackson,170.0,-215.0,"Abu Dhabi, Abu Dhabi, United Arab Emirates",United Arab Emirates,Red,False,Bantamweight,3.0,4.16,0.55,0.2,4.84,0.79,3.3,0.48,1.0,4.29,0.52
195,133,2020-07-18,UFC Fight Night,UFC Fight Night: Figueiredo vs. Benavidez 2,2020-07-18T17:00:00,Malcolm Gordon,Amir Albazi,135.0,-167.0,"Abu Dhabi, Abu Dhabi, United Arab Emirates",United Arab Emirates,Blue,False,Flyweight,3.0,0.0,0.0,0.0,0.0,0.0,0.0,0.0,0.0,0.0,0.0
196,133,2020-07-18,UFC Fight Night,UFC Fight Night: Figueiredo vs. Benavidez 2,2020-07-18T17:00:00,Davi Ramos,Arman Tsarukyan,160.0,-200.0,"Abu Dhabi, Abu Dhabi, United Arab Emirates",United Arab Emirates,Blue,False,Lightweight,3.0,2.0,0.4,0.0,1.5,0.13,2.74,0.39,0.7,2.42,0.5
197,133,2020-07-18,UFC Fight Night,UFC Fight Night: Figueiredo vs. Benavidez 2,2020-07-18T17:00:00,Carlos Felipe,Serghei Spivac,140.0,-177.0,"Abu Dhabi, Abu Dhabi, United Arab Emirates",United Arab Emirates,Blue,False,Heavyweight,3.0,2.08,0.39,0.6,3.74,0.66,0.0,0.0,0.0,0.0,0.0
198,134,2020-07-25,UFC Fight Night,UFC Fight Night: Whittaker vs. Till,2020-07-25T17:00:00,Robert Whittaker,Darren Till,-130.0,107.0,"Abu Dhabi, Abu Dhabi, United Arab Emirates",United Arab Emirates,Red,False,Middleweight,5.0,2.41,0.46,0.0,0.66,0.41,4.77,0.39,0.0,0.36,0.57
199,134,2020-07-25,UFC Fight Night,UFC Fight Night: Whittaker vs. Till,2020-07-25T17:00:00,Mauricio Rua,Rogerio Nogueira,-190.0,150.0,"Abu Dhabi, Abu Dhabi, United Arab Emirates",United Arab Emirates,Red,False,Light Heavyweight,3.0,2.39,0.34,0.8,0.67,0.44,3.63,0.5,0.8,2.17,0.48
200,134,2020-07-25,UFC Fight Night,UFC Fight Night: Whittaker vs. Till,2020-07-25T17:00:00,Fabricio Werdum,Alexander Gustafsson,260.0,-335.0,"Abu Dhabi, Abu Dhabi, United Arab Emirates",United Arab Emirates,Red,False,Heavyweight,3.0,4.02,0.4,0.4,1.56,0.39,3.61,0.52,1.1,1.71,0.31
201,134,2020-07-25,UFC Fight Night,UFC Fight Night: Whittaker vs. Till,2020-07-25T17:00:00,Carla Esparza,Marina Rodriguez,145.0,-182.0,"Abu Dhabi, Abu Dhabi, United Arab Emirates",United Arab Emirates,Red,False,Women's Strawweight,3.0,5.6,0.5,0.2,0.48,0.33,2.3,0.41,0.3,3.28,0.33
202,134,2020-07-25,UFC Fight Night,UFC Fight Night: Whittaker vs. Till,2020-07-25T17:00:00,Paul Craig,Gadzhimurad Antigulov,-137.0,110.0,"Abu Dhabi, Abu Dhabi, United Arab Emirates",United Arab Emirates,Red,False,Light Heavyweight,3.0,2.32,0.51,3.5,8.7,0.41,2.33,0.48,1.5,1.65,0.21
203,134,2020-07-25,UFC Fight Night,UFC Fight Night: Whittaker vs. Till,2020-07-25T17:00:00,Alex Oliveira,Peter Sobotta,-182.0,145.0,"Abu Dhabi, Abu Dhabi, United Arab Emirates",United Arab Emirates,Red,False,Welterweight,3.0,2.17,0.39,0.6,1.76,0.35,2.88,0.5,0.6,2.69,0.37
204,134,2020-07-25,UFC Fight Night,UFC Fight Night: Whittaker vs. Till,2020-07-25T17:00:00,Khamzat Chimaev,Rhys McKee,-1250.0,700.0,"Abu Dhabi, Abu Dhabi, United Arab Emirates",United Arab Emirates,Red,False,Welterweight,3.0,0.0,0.0,0.0,0.0,0.0,6.94,0.82,2.4,4.84,1.0
205,134,2020-07-25,UFC Fight Night,UFC Fight Night: Whittaker vs. Till,2020-07-25T17:00:00,Francisco Trinaldo,Jai Herbert,-134.0,108.0,"Abu Dhabi, Abu Dhabi, United Arab Emirates",United Arab Emirates,Red,False,Lightweight,3.0,0.0,0.0,0.0,0.0,0.0,3.13,0.43,0.5,1.02,0.44
206,134,2020-07-25,UFC Fight Night,UFC Fight Night: Whittaker vs. Till,2020-07-25T17:00:00,Nicolas Dalby,Jesse Ronson,-265.0,205.0,"Abu Dhabi, Abu Dhabi, United Arab Emirates",United Arab Emirates,Blue,False,Welterweight,3.0,3.09,0.46,0.3,0.67,0.4,3.03,0.38,0.0,1.8,0.45
207,134,2020-07-25,UFC Fight Night,UFC Fight Night: Whittaker vs. Till,2020-07-25T17:00:00,Tom Aspinall,Jake Collier,-278.0,220.0,"Abu Dhabi, Abu Dhabi, United Arab Emirates",United Arab Emirates,Red,False,Heavyweight,3.0,4.15,0.39,0.5,0.72,0.23,0.0,0.0,0.0,0.0,0.0
208,134,2020-07-25,UFC Fight Night,UFC Fight Night: Whittaker vs. Till,2020-07-25T17:00:00,Movsar Evloev,Mike Grundy,-200.0,161.0,"Abu Dhabi, Abu Dhabi, United Arab Emirates",United Arab Emirates,Red,False,Featherweight,3.0,3.4,0.58,0.0,1.55,0.33,4.03,0.38,0.0,4.5,0.33
209,134,2020-07-25,UFC Fight Night,UFC Fight Night: Whittaker vs. Till,2020-07-25T17:00:00,Tanner Boser,Raphael Pessoa,-278.0,220.0,"Abu Dhabi, Abu Dhabi, United Arab Emirates",United Arab Emirates,Red,False,Heavyweight,3.0,2.4,0.25,0.0,0.0,0.0,4.28,0.5,0.0,0.0,0.0
210,134,2020-07-25,UFC Fight Night,UFC Fight Night: Whittaker vs. Till,2020-07-25T17:00:00,Bethe Correia,Pannie Kianzad,131.0,-162.0,"Abu Dhabi, Abu Dhabi, United Arab Emirates",United Arab Emirates,Blue,False,Women's Bantamweight,3.0,4.03,0.41,0.4,0.4,0.2,4.47,0.44,0.0,0.37,0.2
211,134,2020-07-25,UFC Fight Night,UFC Fight Night: Whittaker vs. Till,2020-07-25T17:00:00,Ramazan Emeev,Niklas Stolze,-400.0,300.0,"Abu Dhabi, Abu Dhabi, United Arab Emirates",United Arab Emirates,Red,False,Welterweight,3.0,0.0,0.0,0.0,0.0,0.0,2.38,0.43,0.2,1.5,0.22
212,134,2020-07-25,UFC Fight Night,UFC Fight Night: Whittaker vs. Till,2020-07-25T17:00:00,Nathaniel Wood,John Castaneda,-455.0,320.0,"Abu Dhabi, Abu Dhabi, United Arab Emirates",United Arab Emirates,Red,False,Bantamweight,3.0,3.2,0.46,0.0,2.0,0.28,4.3,0.43,1.5,1.9,0.71
213,136,2020-08-01,UFC Fight Night,UFC Fight Night: Brunson vs. Shahbazyan,2020-08-01T19:00:00,Derek Brunson,Edmen Shahbazyan,275.0,-360.0,"Las Vegas, Nevada, USA",USA,Red,False,Middleweight,3.0,4.11,0.52,0.8,6.77,0.4,3.39,0.45,0.5,2.8,0.29
214,136,2020-08-01,UFC Fight Night,UFC Fight Night: Brunson vs. Shahbazyan,2020-08-01T19:00:00,Joanne Calderwood,Jennifer Maia,-162.0,130.0,"Las Vegas, Nevada, USA",USA,Blue,False,Women's Flyweight,3.0,4.05,0.38,0.0,0.25,0.5,6.19,0.47,0.5,1.85,0.56
215,136,2020-08-01,UFC Fight Night,UFC Fight Night: Brunson vs. Shahbazyan,2020-08-01T19:00:00,Vicente Luque,Randy Brown,-200.0,160.0,"Las Vegas, Nevada, USA",USA,Red,False,Welterweight,3.0,3.41,0.47,0.6,0.95,0.46,5.66,0.53,0.8,0.73,0.5
216,136,2020-08-01,UFC Fight Night,UFC Fight Night: Brunson vs. Shahbazyan,2020-08-01T19:00:00,Lando Vannata,Bobby Green,-162.0,130.0,"Las Vegas, Nevada, USA",USA,Blue,False,Lightweight,3.0,5.01,0.49,0.4,1.19,0.31,4.72,0.44,0.4,1.15,0.36
217,136,2020-08-01,UFC Fight Night,UFC Fight Night: Brunson vs. Shahbazyan,2020-08-01T19:00:00,Frankie Saenz,Jonathan Martinez,200.0,-250.0,"Las Vegas, Nevada, USA",USA,Blue,False,Bantamweight,3.0,3.67,0.47,0.0,0.51,0.28,3.97,0.46,0.1,1.77,0.32
218,136,2020-08-01,UFC Fight Night,UFC Fight Night: Brunson vs. Shahbazyan,2020-08-01T19:00:00,Johnny Munoz,Nate Maness,110.0,-137.0,"Las Vegas, Nevada, USA",USA,Blue,False,Featherweight,3.0,0.0,0.0,0.0,0.0,0.0,0.0,0.0,0.0,0.0,0.0
219,136,2020-08-01,UFC Fight Night,UFC Fight Night: Brunson vs. Shahbazyan,2020-08-01T19:00:00,Jamall Emmers,Vince Cachero,-360.0,265.0,"Las Vegas, Nevada, USA",USA,Red,False,Featherweight,3.0,0.0,0.0,0.0,0.0,0.0,4.96,0.52,0.0,1.42,0.33
220,141,2020-08-08,UFC Fight Night,UFC Fight Night: Lewis vs. Oleinik,2020-08-08T18:00:00,Derrick Lewis,Aleksei Oleinik,-200.0,160.0,"Las Vegas, Nevada, USA",USA,Red,False,Heavyweight,5.0,3.72,0.5,2.2,2.41,0.46,2.53,0.49,0.0,0.48,0.24
221,141,2020-08-08,UFC Fight Night,UFC Fight Night: Lewis vs. Oleinik,2020-08-08T18:00:00,Omari Akhmedov,Chris Weidman,115.0,-141.0,"Las Vegas, Nevada, USA",USA,Blue,False,Middleweight,3.0,3.14,0.42,1.0,3.82,0.5,2.99,0.34,0.2,2.4,0.5
222,141,2020-08-08,UFC Fight Night,UFC Fight Night: Lewis vs. Oleinik,2020-08-08T18:00:00,Maki Pitolo,Darren Stewart,125.0,-155.0,"Las Vegas, Nevada, USA",USA,Blue,False,Middleweight,3.0,2.94,0.44,0.0,1.38,0.44,5.22,0.45,0.7,1.98,0.6
223,141,2020-08-08,UFC Fight Night,UFC Fight Night: Lewis vs. Oleinik,2020-08-08T18:00:00,Yana Kunitskaya,Julija Stoliarenko,-190.0,150.0,"Las Vegas, Nevada, USA",USA,Red,False,Women's Bantamweight,3.0,3.8,0.36,1.0,0.0,0.0,5.05,0.52,0.3,2.39,0.53
224,141,2020-08-08,UFC Fight Night,UFC Fight Night: Lewis vs. Oleinik,2020-08-08T18:00:00,Beneil Dariush,Scott Holtzman,-200.0,160.0,"Las Vegas, Nevada, USA",USA,Red,False,Lightweight,3.0,4.52,0.49,0.2,2.23,0.6,3.87,0.49,1.1,1.8,0.33
225,141,2020-08-08,UFC Fight Night,UFC Fight Night: Lewis vs. Oleinik,2020-08-08T18:00:00,Tim Means,Laureano Staropoli,120.0,-150.0,"Las Vegas, Nevada, USA",USA,Red,False,Welterweight,3.0,4.29,0.31,0.0,0.33,0.25,4.87,0.45,0.2,0.91,0.44
226,141,2020-08-08,UFC Fight Night,UFC Fight Night: Lewis vs. Oleinik,2020-08-08T18:00:00,Kevin Holland,Joaquin Buckley,-455.0,333.0,"Las Vegas, Nevada, USA",USA,Red,False,Middleweight,3.0,0.0,0.0,0.0,0.0,0.0,4.29,0.55,1.1,1.26,0.43
227,141,2020-08-08,UFC Fight Night,UFC Fight Night: Lewis vs. Oleinik,2020-08-08T18:00:00,Nasrat Haqparast,Alex Munoz,-240.0,188.0,"Las Vegas, Nevada, USA",USA,Red,False,Lightweight,3.0,4.07,0.63,0.0,4.0,0.66,5.25,0.47,0.0,0.29,0.25
228,141,2020-08-08,UFC Fight Night,UFC Fight Night: Lewis vs. Oleinik,2020-08-08T18:00:00,Andrew Sanchez,Wellington Turman,130.0,-162.0,"Las Vegas, Nevada, USA",USA,Red,False,Middleweight,3.0,2.43,0.42,1.0,3.0,0.37,4.49,0.43,0.0,2.25,0.33
229,141,2020-08-08,UFC Fight Night,UFC Fight Night: Lewis vs. Oleinik,2020-08-08T18:00:00,Gavin Tucker,Justin Jaynes,-139.0,112.0,"Las Vegas, Nevada, USA",USA,Red,False,Featherweight,3.0,23.41,0.53,0.0,0.0,0.0,2.66,0.37,1.0,2.08,0.33
230,141,2020-08-08,UFC Fight Night,UFC Fight Night: Lewis vs. Oleinik,2020-08-08T18:00:00,Youssef Zalal,Peter Barrett,-480.0,340.0,"Las Vegas, Nevada, USA",USA,Red,False,Featherweight,3.0,7.27,0.72,0.0,4.0,0.25,3.0,0.53,1.0,3.0,0.42
231,141,2020-08-08,UFC Fight Night,UFC Fight Night: Lewis vs. Oleinik,2020-08-08T18:00:00,Irwin Rivera,Ali Qaisi,-186.0,148.0,"Las Vegas, Nevada, USA",USA,Red,False,Bantamweight,3.0,0.0,0.0,0.0,0.0,0.0,2.27,0.36,0.0,0.0,0.0
232,135,2020-08-15,UFC 252,UFC 252: Miocic vs. Cormier 3,2020-08-15T19:00:00,Stipe Miocic,Daniel Cormier,-106.0,-112.0,"Las Vegas, Nevada, USA",USA,Red,True,Heavyweight,5.0,4.25,0.52,0.5,1.95,0.44,4.95,0.52,0.0,2.2,0.37
233,135,2020-08-15,UFC 252,UFC 252: Miocic vs. Cormier 3,2020-08-15T19:00:00,Sean O'Malley,Marlon Vera,-305.0,240.0,"Las Vegas, Nevada, USA",USA,Blue,False,Bantamweight,3.0,3.7,0.48,1.3,0.88,0.42,6.86,0.58,1.2,1.18,0.5
234,135,2020-08-15,UFC 252,UFC 252: Miocic vs. Cormier 3,2020-08-15T19:00:00,Junior Dos Santos,Jairzinho Rozenstruik,115.0,-143.0,"Las Vegas, Nevada, USA",USA,Blue,False,Heavyweight,3.0,3.84,0.48,0.0,0.0,0.0,4.66,0.48,0.1,0.33,0.55
235,135,2020-08-15,UFC 252,UFC 252: Miocic vs. Cormier 3,2020-08-15T19:00:00,John Dodson,Merab Dvalishvili,188.0,-240.0,"Las Vegas, Nevada, USA",USA,Blue,False,Bantamweight,3.0,4.01,0.39,0.3,8.67,0.5,3.3,0.41,0.0,0.76,0.28
236,135,2020-08-15,UFC 252,UFC 252: Miocic vs. Cormier 3,2020-08-15T19:00:00,Jim Miller,Vinc Pichel,100.0,-124.0,"Las Vegas, Nevada, USA",USA,Blue,False,Lightweight,3.0,3.29,0.45,0.4,4.0,0.6,2.81,0.4,1.9,1.68,0.41
237,135,2020-08-15,UFC 252,UFC 252: Miocic vs. Cormier 3,2020-08-15T19:00:00,Ashley Yoder,Livinha Souza,130.0,-162.0,"Las Vegas, Nevada, USA",USA,Blue,False,Women's Strawweight,3.0,1.79,0.37,1.9,3.35,0.5,3.1,0.42,0.5,1.33,0.38
238,135,2020-08-15,UFC 252,UFC 252: Miocic vs. Cormier 3,2020-08-15T19:00:00,Felice Herrig,Virna Jandiroba,240.0,-315.0,"Las Vegas, Nevada, USA",USA,Blue,False,Women's Strawweight,3.0,1.13,0.42,2.1,4.23,0.46,3.69,0.36,0.9,1.2,0.3
239,135,2020-08-15,UFC 252,UFC 252: Miocic vs. Cormier 3,2020-08-15T19:00:00,Herbert Burns,Daniel Pineda,-286.0,225.0,"Las Vegas, Nevada, USA",USA,Blue,False,Featherweight,3.0,2.99,0.43,2.0,1.46,0.25,2.6,0.44,6.9,4.59,1.0
240,135,2020-08-15,UFC 252,UFC 252: Miocic vs. Cormier 3,2020-08-15T19:00:00,TJ Brown,Danny Chavez,-167.0,130.0,"Las Vegas, Nevada, USA",USA,Blue,False,Featherweight,3.0,0.0,0.0,0.0,0.0,0.0,3.47,0.54,0.7,8.33,0.85
241,135,2020-08-15,UFC 252,UFC 252: Miocic vs. Cormier 3,2020-08-15T19:00:00,Chris Daukaus,Parker Porter,-106.0,-118.0,"Las Vegas, Nevada, USA",USA,Red,False,Heavyweight,3.0,8.54,0.47,1.9,1.91,1.0,0.0,0.0,0.0,0.0,0.0
242,142,2020-08-22,UFC Fight Night,UFC Fight Night: Munhoz vs. Edgar,2020-08-22T18:30:00,Pedro Munhoz,Frankie Edgar,-278.0,225.0,"Las Vegas, Nevada, USA",USA,Blue,False,Bantamweight,5.0,3.6,0.4,0.3,2.34,0.31,5.29,0.42,1.1,0.92,0.21
243,142,2020-08-22,UFC Fight Night,UFC Fight Night: Munhoz vs. Edgar,2020-08-22T18:30:00,Marcin Prachnio,Mike Rodriguez,188.0,-240.0,"Las Vegas, Nevada, USA",USA,Blue,False,Light Heavyweight,3.0,4.3,0.52,0.0,0.0,0.0,2.39,0.39,0.0,0.0,0.0
244,142,2020-08-22,UFC Fight Night,UFC Fight Night: Munhoz vs. Edgar,2020-08-22T18:30:00,Mariya Agapova,Shana Dobson,-1430.0,750.0,"Las Vegas, Nevada, USA",USA,Blue,False,Women's Flyweight,3.0,3.63,0.34,0.0,0.39,0.25,3.84,0.51,0.8,0.0,0.0
245,142,2020-08-22,UFC Fight Night,UFC Fight Night: Munhoz vs. Edgar,2020-08-22T18:30:00,Daniel Rodriguez,Dwight Grant,-230.0,180.0,"Las Vegas, Nevada, USA",USA,Red,False,Welterweight,3.0,2.87,0.36,0.0,0.36,1.0,8.6,0.48,0.4,1.94,0.83
246,142,2020-08-22,UFC Fight Night,UFC Fight Night: Munhoz vs. Edgar,2020-08-22T18:30:00,Amanda Lemos,Mizuki Inoue,110.0,-137.0,"Las Vegas, Nevada, USA",USA,Red,False,Women's Strawweight,3.0,6.2,0.45,0.0,0.0,0.0,6.55,0.64,1.3,2.59,1.0
247,142,2020-08-22,UFC Fight Night,UFC Fight Night: Munhoz vs. Edgar,2020-08-22T18:30:00,Austin Hubbard,Joe Solecki,-112.0,-112.0,"Las Vegas, Nevada, USA",USA,Blue,False,Lightweight,3.0,3.67,0.76,0.8,3.99,0.83,3.53,0.48,0.0,0.82,0.6
248,142,2020-08-22,UFC Fight Night,UFC Fight Night: Munhoz vs. Edgar,2020-08-22T18:30:00,Ike Villanueva,Jordan Wright,104.0,-129.0,"Las Vegas, Nevada, USA",USA,Blue,False,Light Heavyweight,3.0,3.0,0.28,0.0,0.0,0.0,2.75,0.29,0.0,0.0,0.0
249,142,2020-08-22,UFC Fight Night,UFC Fight Night: Munhoz vs. Edgar,2020-08-22T18:30:00,Carlton Minus,Matthew Semelsberger,-118.0,-106.0,"Las Vegas, Nevada, USA",USA,Blue,False,Welterweight,3.0,0.0,0.0,0.0,0.0,0.0,0.0,0.0,0.0,0.0,0.0
250,142,2020-08-22,UFC Fight Night,UFC Fight Night: Munhoz vs. Edgar,2020-08-22T18:30:00,Timur Valiev,Trevin Jones,-560.0,387.0,"Las Vegas, Nevada, USA",USA,Blue,False,Catch Weight,3.0,0.0,0.0,0.0,0.0,0.0,0.0,0.0,0.0,0.0,0.0
251,143,2020-08-29,UFC Fight Night,UFC Fight Night: Smith vs. Rakic,2020-08-29T18:00:00,Anthony Smith,Aleksandar Rakic,225.0,-278.0,"Las Vegas, Nevada, USA",USA,Blue,False,Light Heavyweight,3.0,5.17,0.52,0.3,1.2,0.28,3.19,0.46,0.7,0.45,0.27
252,143,2020-08-29,UFC Fight Night,UFC Fight Night: Smith vs. Rakic,2020-08-29T18:00:00,Robbie Lawler,Neil Magny,200.0,-250.0,"Las Vegas, Nevada, USA",USA,Blue,False,Welterweight,3.0,3.95,0.47,0.3,2.55,0.44,3.57,0.45,0.0,0.71,0.66
253,143,2020-08-29,UFC Fight Night,UFC Fight Night: Smith vs. Rakic,2020-08-29T18:00:00,Ji Yeon Kim,Alexa Grasso,230.0,-315.0,"Las Vegas, Nevada, USA",USA,Blue,False,Women's Flyweight,3.0,5.25,0.41,0.6,0.19,0.33,4.49,0.33,0.0,0.0,0.0
254,143,2020-08-29,UFC Fight Night,UFC Fight Night: Smith vs. Rakic,2020-08-29T18:00:00,Ricardo Lamas,Bill Algeo,-335.0,240.0,"Las Vegas, Nevada, USA",USA,Red,False,Featherweight,3.0,9.8,0.53,0.0,0.0,0.0,2.88,0.45,1.0,1.63,0.32
255,143,2020-08-29,UFC Fight Night,UFC Fight Night: Smith vs. Rakic,2020-08-29T18:00:00,Maki Pitolo,Impa Kasanganay,115.0,-139.0,"Las Vegas, Nevada, USA",USA,Blue,False,Middleweight,3.0,5.53,0.58,0.0,2.5,1.0,4.95,0.45,0.6,2.27,0.66
256,143,2020-08-29,UFC Fight Night,UFC Fight Night: Smith vs. Rakic,2020-08-29T18:00:00,Mallory Martin,Hannah Cifers,-315.0,239.0,"Las Vegas, Nevada, USA",USA,Red,False,Women's Strawweight,3.0,4.68,0.43,0.3,0.29,1.0,4.56,0.59,0.0,3.53,0.62
257,143,2020-08-29,UFC Fight Night,UFC Fight Night: Smith vs. Rakic,2020-08-29T18:00:00,Alessio Di Chirico,Zak Cummings,-114.0,-109.0,"Las Vegas, Nevada, USA",USA,Blue,False,Middleweight,3.0,2.47,0.32,0.8,0.75,0.28,3.2,0.42,0.0,1.95,0.5
258,143,2020-08-29,UFC Fight Night,UFC Fight Night: Smith vs. Rakic,2020-08-29T18:00:00,Alex Caceres,Austin Springer,-225.0,176.0,"Las Vegas, Nevada, USA",USA,Red,False,Featherweight,3.0,3.46,0.63,1.1,4.24,0.44,4.14,0.49,0.7,0.55,0.76
259,143,2020-08-29,UFC Fight Night,UFC Fight Night: Smith vs. Rakic,2020-08-29T18:00:00,Polyana Viana,Emily Whitmire,110.0,-139.0,"Las Vegas, Nevada, USA",USA,Red,False,Women's Strawweight,3.0,2.84,0.31,0.6,1.18,0.66,3.89,0.41,1.3,1.29,0.37
260,143,2020-08-29,UFC Fight Night,UFC Fight Night: Smith vs. Rakic,2020-08-29T18:00:00,Sean Brady,Christian Aguilera,-455.0,330.0,"Las Vegas, Nevada, USA",USA,Red,False,Welterweight,3.0,10.17,0.43,0.0,0.0,0.0,5.53,0.55,0.5,3.0,0.5
261,150,2020-09-05,UFC Fight Night,UFC Fight Night: Overeem vs. Sakai,2020-09-05T19:00:00,Alistair Overeem,Augusto Sakai,-159.0,130.0,"Las Vegas, Nevada, USA",USA,Red,False,Heavyweight,5.0,5.45,0.46,0.0,0.19,0.5,3.66,0.63,0.9,1.4,0.54
262,150,2020-09-05,UFC Fight Night,UFC Fight Night: Overeem vs. Sakai,2020-09-05T19:00:00,Ovince Saint Preux,Alonzo Menifield,110.0,-134.0,"Las Vegas, Nevada, USA",USA,Red,False,Light Heavyweight,3.0,3.75,0.47,0.0,0.0,0.0,2.6,0.46,0.6,1.27,0.4
263,150,2020-09-05,UFC Fight Night,UFC Fight Night: Overeem vs. Sakai,2020-09-05T19:00:00,Michel Pereira,Zelim Imadaev,-112.0,-112.0,"Las Vegas, Nevada, USA",USA,Red,False,Welterweight,3.0,3.69,0.41,0.0,0.6,0.5,3.04,0.51,0.0,2.0,0.57
264,150,2020-09-05,UFC Fight Night,UFC Fight Night: Overeem vs. Sakai,2020-09-05T19:00:00,Brian Kelleher,Ray Rodriguez,-380.0,315.0,"Las Vegas, Nevada, USA",USA,Red,False,Featherweight,3.0,1.24,0.32,0.0,2.32,0.5,4.45,0.4,0.8,1.2,0.25
265,150,2020-09-05,UFC Fight Night,UFC Fight Night: Overeem vs. Sakai,2020-09-05T19:00:00,Andre Muniz,Bartosz Fabinski,132.0,-165.0,"Las Vegas, Nevada, USA",USA,Red,False,Middleweight,3.0,2.22,0.7,0.0,7.17,0.7,2.27,0.59,1.4,2.83,0.35
266,150,2020-09-05,UFC Fight Night,UFC Fight Night: Overeem vs. Sakai,2020-09-05T19:00:00,Viviane Araujo,Montana De La Rosa,-182.0,145.0,"Las Vegas, Nevada, USA",USA,Red,False,Women's Flyweight,3.0,2.3,0.33,1.9,2.22,0.33,4.51,0.47,0.0,2.57,0.58
267,150,2020-09-05,UFC Fight Night,UFC Fight Night: Overeem vs. Sakai,2020-09-05T19:00:00,Cole Smith,Hunter Azure,185.0,-235.0,"Las Vegas, Nevada, USA",USA,Blue,False,Bantamweight,3.0,4.71,0.49,1.9,1.55,0.33,1.63,0.33,1.0,1.5,0.3
268,151,2020-09-12,UFC Fight Night,UFC Fight Night: Waterson vs. Hill,2020-09-12T17:00:00,Michelle Waterson,Angela Hill,105.0,-125.0,"Las Vegas, Nevada, USA",USA,Red,False,Women's Strawweight,5.0,5.76,0.49,0.2,0.47,0.37,3.31,0.52,1.1,1.68,0.5
269,151,2020-09-12,UFC Fight Night,UFC Fight Night: Waterson vs. Hill,2020-09-12T17:00:00,Ottman Azaitar,Khama Worthy,110.0,-137.0,"Las Vegas, Nevada, USA",USA,Red,False,Lightweight,3.0,4.44,0.5,0.9,0.0,0.0,7.61,0.5,0.0,0.0,0.0
270,151,2020-09-12,UFC Fight Night,UFC Fight Night: Waterson vs. Hill,2020-09-12T17:00:00,Roxanne Modafferi,Andrea Lee,240.0,-335.0,"Las Vegas, Nevada, USA",USA,Red,False,Women's Flyweight,3.0,5.4,0.48,0.6,1.4,0.38,3.04,0.3,0.1,1.29,0.21
271,151,2020-09-12,UFC Fight Night,UFC Fight Night: Waterson vs. Hill,2020-09-12T17:00:00,Ed Herman,Mike Rodriguez,195.0,-250.0,"Las Vegas, Nevada, USA",USA,Red,False,Light Heavyweight,3.0,4.59,0.54,0.0,0.0,0.0,3.33,0.49,1.2,2.2,0.48
272,151,2020-09-12,UFC Fight Night,UFC Fight Night: Waterson vs. Hill,2020-09-12T17:00:00,Billy Quarantillo,Kyle Nelson,-250.0,195.0,"Las Vegas, Nevada, USA",USA,Red,False,Featherweight,3.0,2.73,0.36,2.8,1.41,0.16,7.43,0.79,3.1,1.34,0.42
273,151,2020-09-12,UFC Fight Night,UFC Fight Night: Waterson vs. Hill,2020-09-12T17:00:00,Julia Avila,Sijara Eubanks,-305.0,230.0,"Las Vegas, Nevada, USA",USA,Blue,False,Women's Bantamweight,3.0,4.95,0.41,0.0,2.0,0.5,3.9,0.42,0.0,0.0,0.0
274,151,2020-09-12,UFC Fight Night,UFC Fight Night: Waterson vs. Hill,2020-09-12T17:00:00,Roosevelt Roberts,Kevin Croom,-385.0,286.0,"Las Vegas, Nevada, USA",USA,Blue,False,Lightweight,3.0,0.0,0.0,0.0,0.0,0.0,3.02,0.49,1.1,1.77,0.57
275,151,2020-09-12,UFC Fight Night,UFC Fight Night: Waterson vs. Hill,2020-09-12T17:00:00,Alexandr Romanov,Roque Martinez,-360.0,275.0,"Las Vegas, Nevada, USA",USA,Red,False,Heavyweight,3.0,0.0,0.0,0.0,0.0,0.0,0.0,0.0,0.0,0.0,0.0
276,151,2020-09-12,UFC Fight Night,UFC Fight Night: Waterson vs. Hill,2020-09-12T17:00:00,Bobby Green,Alan Patrick,-295.0,227.0,"Las Vegas, Nevada, USA",USA,Red,False,Lightweight,3.0,1.88,0.43,0.4,3.92,0.4,5.22,0.5,0.4,1.33,0.36
277,151,2020-09-12,UFC Fight Night,UFC Fight Night: Waterson vs. Hill,2020-09-12T17:00:00,Brok Weaver,Jalin Turner,306.0,-420.0,"Las Vegas, Nevada, USA",USA,Blue,False,Catch Weight,3.0,5.95,0.48,1.8,0.46,0.5,4.37,0.62,0.6,0.0,0.0
278,151,2020-09-12,UFC Fight Night,UFC Fight Night: Waterson vs. Hill,2020-09-12T17:00:00,Bryan Barberena,Anthony Ivy,-278.0,215.0,"Las Vegas, Nevada, USA",USA,Red,False,Welterweight,3.0,4.07,0.36,0.0,0.0,0.0,5.65,0.48,0.3,0.26,0.33
279,151,2020-09-12,UFC Fight Night,UFC Fight Night: Waterson vs. Hill,2020-09-12T17:00:00,Sabina Mazo,Justine Kish,-265.0,200.0,"Las Vegas, Nevada, USA",USA,Red,False,Women's Flyweight,3.0,4.28,0.49,0.2,1.0,0.35,6.44,0.45,0.0,1.33,1.0
280,146,2020-09-19,UFC Fight Night,UFC Fight Night: Covington vs. Woodley,2020-09-19T17:00:00,Colby Covington,Tyron Woodley,-335.0,260.0,"Las Vegas, Nevada, USA",USA,Red,False,Welterweight,5.0,2.38,0.49,0.4,1.11,0.39,4.17,0.37,0.2,4.91,0.51
281,146,2020-09-19,UFC Fight Night,UFC Fight Night: Covington vs. Woodley,2020-09-19T17:00:00,Khamzat Chimaev,Gerald Meerschaert,-400.0,300.0,"Las Vegas, Nevada, USA",USA,Red,False,Middleweight,3.0,3.31,0.42,1.7,2.34,0.43,8.88,0.72,3.2,4.81,0.75
282,146,2020-09-19,UFC Fight Night,UFC Fight Night: Covington vs. Woodley,2020-09-19T17:00:00,Johnny Walker,Ryan Spann,-125.0,100.0,"Las Vegas, Nevada, USA",USA,Red,False,Light Heavyweight,3.0,3.32,0.43,1.9,1.13,0.3,4.01,0.7,1.3,0.43,1.0
283,146,2020-09-19,UFC Fight Night,UFC Fight Night: Covington vs. Woodley,2020-09-19T17:00:00,Mackenzie Dern,Randa Markos,-177.0,140.0,"Las Vegas, Nevada, USA",USA,Red,False,Women's Strawweight,3.0,2.96,0.41,0.2,1.35,0.28,3.14,0.32,1.3,0.43,0.07
284,146,2020-09-19,UFC Fight Night,UFC Fight Night: Covington vs. Woodley,2020-09-19T17:00:00,Kevin Holland,Darren Stewart,-265.0,205.0,"Las Vegas, Nevada, USA",USA,Red,False,Middleweight,3.0,2.97,0.43,0.2,1.32,0.42,4.65,0.55,1.0,1.12,0.43
285,146,2020-09-19,UFC Fight Night,UFC Fight Night: Covington vs. Woodley,2020-09-19T17:00:00,Jordan Espinosa,David Dvorak,-112.0,-112.0,"Las Vegas, Nevada, USA",USA,Blue,False,Flyweight,3.0,4.47,0.5,0.0,0.0,0.0,5.49,0.6,0.3,1.19,0.3
286,146,2020-09-19,UFC Fight Night,UFC Fight Night: Covington vs. Woodley,2020-09-19T17:00:00,Mirsad Bektic,Damon Jackson,-375.0,277.0,"Las Vegas, Nevada, USA",USA,Blue,False,Featherweight,3.0,2.71,0.35,0.0,1.77,0.2,2.59,0.41,0.5,3.32,0.47
287,146,2020-09-19,UFC Fight Night,UFC Fight Night: Covington vs. Woodley,2020-09-19T17:00:00,Mayra Bueno Silva,Mara Romero Borella,-275.0,210.0,"Las Vegas, Nevada, USA",USA,Red,False,Women's Flyweight,3.0,2.54,0.37,0.2,1.66,0.43,4.87,0.54,1.4,0.0,0.0
288,146,2020-09-19,UFC Fight Night,UFC Fight Night: Covington vs. Woodley,2020-09-19T17:00:00,Jessica-Rose Clark,Sarah Alpar,-230.0,180.0,"Las Vegas, Nevada, USA",USA,Red,False,Women's Bantamweight,3.0,4.42,0.61,1.9,3.79,0.66,4.53,0.47,0.5,1.0,0.5
289,146,2020-09-19,UFC Fight Night,UFC Fight Night: Covington vs. Woodley,2020-09-19T17:00:00,Darrick Minner,TJ Laramie,245.0,-335.0,"Las Vegas, Nevada, USA",USA,Red,False,Featherweight,3.0,3.2,0.59,0.0,3.0,1.0,2.3,0.55,3.3,1.65,0.33
290,146,2020-09-19,UFC Fight Night,UFC Fight Night: Covington vs. Woodley,2020-09-19T17:00:00,Journey Newson,Randy Costa,-137.0,110.0,"Las Vegas, Nevada, USA",USA,Blue,False,Bantamweight,3.0,8.05,0.46,0.0,0.0,0.0,2.81,0.33,1.0,0.0,0.0
291,146,2020-09-19,UFC Fight Night,UFC Fight Night: Covington vs. Woodley,2020-09-19T17:00:00,Andre Ewell,Irwin Rivera,-240.0,187.0,"Las Vegas, Nevada, USA",USA,Red,False,Bantamweight,3.0,2.33,0.41,0.0,1.0,0.22,3.74,0.4,0.0,0.21,0.5
292,146,2020-09-19,UFC Fight Night,UFC Fight Night: Covington vs. Woodley,2020-09-19T17:00:00,Tyson Nam,Jerome Rivera,-190.0,150.0,"Las Vegas, Nevada, USA",USA,Red,False,Bantamweight,3.0,3.2,0.45,0.0,0.0,0.0,3.01,0.28,0.0,0.0,0.0
293,144,2020-09-26,UFC 253,UFC 253: Adesanya vs. Costa,2020-09-26T19:00:00,Israel Adesanya,Paulo Costa,-186.0,151.0,"Abu Dhabi, Abu Dhabi, United Arab Emirates",United Arab Emirates,Red,True,Middleweight,5.0,8.43,0.57,0.0,0.0,0.0,3.96,0.48,0.3,0.0,0.0
294,144,2020-09-26,UFC 253,UFC 253: Adesanya vs. Costa,2020-09-26T19:00:00,Dominick Reyes,Jan Blachowicz,-265.0,215.0,"Abu Dhabi, Abu Dhabi, United Arab Emirates",United Arab Emirates,Blue,True,Light Heavyweight,5.0,3.45,0.48,0.3,1.16,0.52,4.88,0.49,0.2,0.24,0.16
295,144,2020-09-26,UFC 253,UFC 253: Adesanya vs. Costa,2020-09-26T19:00:00,Kai Kara-France,Brandon Royval,-240.0,188.0,"Abu Dhabi, Abu Dhabi, United Arab Emirates",United Arab Emirates,Blue,False,Flyweight,3.0,1.93,0.48,3.6,1.81,1.0,5.27,0.38,0.0,0.6,0.25
296,144,2020-09-26,UFC 253,UFC 253: Adesanya vs. Costa,2020-09-26T19:00:00,Ketlen Vieira,Sijara Eubanks,-190.0,150.0,"Abu Dhabi, Abu Dhabi, United Arab Emirates",United Arab Emirates,Red,False,Women's Bantamweight,3.0,4.71,0.42,0.5,2.17,0.48,2.74,0.35,0.8,2.03,0.57
297,144,2020-09-26,UFC 253,UFC 253: Adesanya vs. Costa,2020-09-26T19:00:00,Hakeem Dawodu,Zubaira Tukhugov,115.0,-143.0,"Abu Dhabi, Abu Dhabi, United Arab Emirates",United Arab Emirates,Red,False,Featherweight,3.0,2.58,0.38,0.0,2.88,0.56,5.28,0.46,0.0,0.0,0.0
298,144,2020-09-26,UFC 253,UFC 253: Adesanya vs. Costa,2020-09-26T19:00:00,Brad Riddell,Alex Da Silva,-335.0,253.0,"Abu Dhabi, Abu Dhabi, United Arab Emirates",United Arab Emirates,Red,False,Lightweight,3.0,1.08,0.43,0.0,2.59,0.57,4.3,0.57,0.0,1.0,1.0
299,144,2020-09-26,UFC 253,UFC 253: Adesanya vs. Costa,2020-09-26T19:00:00,Diego Sanchez,Jake Matthews,470.0,-715.0,"Abu Dhabi, Abu Dhabi, United Arab Emirates",United Arab Emirates,Blue,False,Welterweight,3.0,2.98,0.46,0.7,2.2,0.41,2.73,0.38,0.9,1.57,0.24
300,144,2020-09-26,UFC 253,UFC 253: Adesanya vs. Costa,2020-09-26T19:00:00,Shane Young,Ludovit Klein,108.0,-129.0,"Abu Dhabi, Abu Dhabi, United Arab Emirates",United Arab Emirates,Blue,False,Featherweight,3.0,0.0,0.0,0.0,0.0,0.0,6.1,0.4,0.0,0.76,0.25
301,144,2020-09-26,UFC 253,UFC 253: Adesanya vs. Costa,2020-09-26T19:00:00,William Knight,Aleksa Camur,134.0,-167.0,"Abu Dhabi, Abu Dhabi, United Arab Emirates",United Arab Emirates,Red,False,Light Heavyweight,3.0,5.96,0.53,0.0,0.72,0.5,6.61,0.78,0.0,3.54,0.57
302,144,2020-09-26,UFC 253,UFC 253: Adesanya vs. Costa,2020-09-26T19:00:00,Juan Espino,Jeff Hughes,-305.0,233.0,"Abu Dhabi, Abu Dhabi, United Arab Emirates",United Arab Emirates,Red,False,Heavyweight,3.0,4.34,0.51,0.0,0.78,0.5,6.11,0.95,8.3,8.33,1.0
303,144,2020-09-26,UFC 253,UFC 253: Adesanya vs. Costa,2020-09-26T19:00:00,Khadis Ibragimov,Danilo Marques,-182.0,150.0,"Abu Dhabi, Abu Dhabi, United Arab Emirates",United Arab Emirates,Blue,False,Light Heavyweight,3.0,0.0,0.0,0.0,0.0,0.0,4.64,0.51,0.0,1.44,0.3
304,147,2020-10-03,UFC Fight Night,UFC Fight Night: Holm vs. Aldana,2020-10-03T19:30:00,Holly Holm,Irene Aldana,-125.0,103.0,"Abu Dhabi, Abu Dhabi, United Arab Emirates",United Arab Emirates,Red,False,Women's Bantamweight,5.0,6.16,0.38,0.1,0.28,0.5,2.75,0.35,0.1,0.5,0.27
305,147,2020-10-03,UFC Fight Night,UFC Fight Night: Holm vs. Aldana,2020-10-03T19:30:00,Yorgan De Castro,Carlos Felipe,-265.0,205.0,"Abu Dhabi, Abu Dhabi, United Arab Emirates",United Arab Emirates,Blue,False,Heavyweight,3.0,2.93,0.36,0.0,0.0,0.0,2.19,0.41,0.0,0.0,0.0
306,147,2020-10-03,UFC Fight Night,UFC Fight Night: Holm vs. Aldana,2020-10-03T19:30:00,Germaine de Randamie,Julianna Pena,-150.0,122.0,"Abu Dhabi, Abu Dhabi, United Arab Emirates",United Arab Emirates,Red,False,Women's Bantamweight,3.0,2.96,0.51,0.9,2.6,0.52,2.72,0.47,0.2,0.0,0.0
307,147,2020-10-03,UFC Fight Night,UFC Fight Night: Holm vs. Aldana,2020-10-03T19:30:00,Kyler Phillips,Cameron Else,-480.0,342.0,"Abu Dhabi, Abu Dhabi, United Arab Emirates",United Arab Emirates,Red,False,Bantamweight,3.0,0.0,0.0,0.0,0.0,0.0,6.53,0.53,0.9,1.9,0.5
308,147,2020-10-03,UFC Fight Night,UFC Fight Night: Holm vs. Aldana,2020-10-03T19:30:00,Dequan Townsend,Dusko Todorovic,245.0,-335.0,"Abu Dhabi, Abu Dhabi, United Arab Emirates",United Arab Emirates,Blue,False,Middleweight,3.0,6.8,0.71,0.0,0.0,0.0,1.15,0.35,0.0,0.0,0.0
309,147,2020-10-03,UFC Fight Night,UFC Fight Night: Holm vs. Aldana,2020-10-03T19:30:00,Carlos Condit,Court McGee,111.0,-137.0,"Abu Dhabi, Abu Dhabi, United Arab Emirates",United Arab Emirates,Red,False,Welterweight,3.0,4.86,0.35,0.4,1.71,0.21,3.56,0.39,1.2,0.58,0.55
310,147,2020-10-03,UFC Fight Night,UFC Fight Night: Holm vs. Aldana,2020-10-03T19:30:00,Jordan Williams,Nassourdine Imavov,-125.0,105.0,"Abu Dhabi, Abu Dhabi, United Arab Emirates",United Arab Emirates,Blue,False,Middleweight,3.0,0.0,0.0,0.0,0.0,0.0,8.05,0.55,0.0,1.45,1.0
311,147,2020-10-03,UFC Fight Night,UFC Fight Night: Holm vs. Aldana,2020-10-03T19:30:00,Loma Lookboonmee,Jinh Yu Frey,-150.0,120.0,"Abu Dhabi, Abu Dhabi, United Arab Emirates",United Arab Emirates,Red,False,Women's Strawweight,3.0,2.09,0.56,0.0,0.0,0.0,5.07,0.54,0.0,1.0,0.28
312,147,2020-10-03,UFC Fight Night,UFC Fight Night: Holm vs. Aldana,2020-10-03T19:30:00,Casey Kenney,Heili Alateng,-335.0,246.0,"Abu Dhabi, Abu Dhabi, United Arab Emirates",United Arab Emirates,Red,False,Bantamweight,3.0,2.77,0.37,0.0,3.5,0.35,3.66,0.42,0.8,1.35,0.5
313,147,2020-10-03,UFC Fight Night,UFC Fight Night: Holm vs. Aldana,2020-10-03T19:30:00,Luigi Vendramini,Jessin Ayari,-109.0,-114.0,"Abu Dhabi, Abu Dhabi, United Arab Emirates",United Arab Emirates,Red,False,Lightweight,3.0,3.58,0.38,0.3,0.0,0.0,0.63,0.23,2.4,0.0,0.0
314,155,2020-10-10,UFC Fight Night,UFC Fight Night: Moraes vs. Sandhagen,2020-10-10T17:00:00,Marlon Moraes,Cory Sandhagen,115.0,-141.0,"Abu Dhabi, Abu Dhabi, United Arab Emirates",United Arab Emirates,Blue,False,Bantamweight,5.0,6.95,0.48,0.6,1.2,0.5,3.53,0.39,0.5,0.46,0.25
315,155,2020-10-10,UFC Fight Night,UFC Fight Night: Moraes vs. Sandhagen,2020-10-10T17:00:00,Edson Barboza,Makwan Amirkhani,-286.0,225.0,"Abu Dhabi, Abu Dhabi, United Arab Emirates",United Arab Emirates,Red,False,Featherweight,3.0,1.55,0.46,1.6,3.45,0.36,4.08,0.43,0.1,0.46,0.44
316,155,2020-10-10,UFC Fight Night,UFC Fight Night: Moraes vs. Sandhagen,2020-10-10T17:00:00,Ben Rothwell,Marcin Tybura,-159.0,130.0,"Abu Dhabi, Abu Dhabi, United Arab Emirates",United Arab Emirates,Blue,False,Heavyweight,3.0,3.32,0.5,0.1,1.69,0.48,3.37,0.43,0.3,0.68,0.33
317,155,2020-10-10,UFC Fight Night,UFC Fight Night: Moraes vs. Sandhagen,2020-10-10T17:00:00,Markus Perez,Dricus Du Plessis,133.0,-167.0,"Abu Dhabi, Abu Dhabi, United Arab Emirates",United Arab Emirates,Blue,False,Middleweight,3.0,0.0,0.0,0.0,0.0,0.0,2.75,0.48,1.1,1.08,0.26
318,155,2020-10-10,UFC Fight Night,UFC Fight Night: Moraes vs. Sandhagen,2020-10-10T17:00:00,Tom Aspinall,Alan Baudot,-560.0,400.0,"Abu Dhabi, Abu Dhabi, United Arab Emirates",United Arab Emirates,Red,False,Heavyweight,3.0,0.0,0.0,0.0,0.0,0.0,13.33,0.1,0.0,0.0,0.0
319,155,2020-10-10,UFC Fight Night,UFC Fight Night: Moraes vs. Sandhagen,2020-10-10T17:00:00,Youssef Zalal,Ilia Topuria,-162.0,130.0,"Abu Dhabi, Abu Dhabi, United Arab Emirates",United Arab Emirates,Blue,False,Featherweight,3.0,0.0,0.0,0.0,0.0,0.0,3.2,0.55,1.7,3.0,0.47
320,155,2020-10-10,UFC Fight Night,UFC Fight Night: Moraes vs. Sandhagen,2020-10-10T17:00:00,Tom Breese,KB Bhullar,-275.0,210.0,"Abu Dhabi, Abu Dhabi, United Arab Emirates",United Arab Emirates,Red,False,Middleweight,3.0,0.0,0.0,0.0,0.0,0.0,3.55,0.5,0.3,0.0,0.0
321,155,2020-10-10,UFC Fight Night,UFC Fight Night: Moraes vs. Sandhagen,2020-10-10T17:00:00,Chris Daukaus,Rodrigo Nascimento,205.0,-265.0,"Abu Dhabi, Abu Dhabi, United Arab Emirates",United Arab Emirates,Red,False,Heavyweight,3.0,4.44,0.56,2.9,2.9,1.0,8.28,0.62,0.0,0.0,0.0
322,155,2020-10-10,UFC Fight Night,UFC Fight Night: Moraes vs. Sandhagen,2020-10-10T17:00:00,Impa Kasanganay,Joaquin Buckley,-265.0,200.0,"Abu Dhabi, Abu Dhabi, United Arab Emirates",United Arab Emirates,Blue,False,Middleweight,3.0,3.8,0.33,0.0,0.0,0.0,5.58,0.52,0.0,1.67,0.83
323,155,2020-10-10,UFC Fight Night,UFC Fight Night: Moraes vs. Sandhagen,2020-10-10T17:00:00,Ali AlQaisi,Tony Kelley,190.0,-245.0,"Abu Dhabi, Abu Dhabi, United Arab Emirates",United Arab Emirates,Blue,False,Bantamweight,3.0,7.6,0.5,0.0,0.0,0.0,2.93,0.41,1.0,2.0,0.22
324,155,2020-10-10,UFC Fight Night,UFC Fight Night: Moraes vs. Sandhagen,2020-10-10T17:00:00,Giga Chikadze,Omar Morales,136.0,-175.0,"Abu Dhabi, Abu Dhabi, United Arab Emirates",United Arab Emirates,Red,False,Featherweight,3.0,3.85,0.37,0.0,0.42,1.0,3.31,0.44,0.0,0.51,0.5
325,155,2020-10-10,UFC Fight Night,UFC Fight Night: Moraes vs. Sandhagen,2020-10-10T17:00:00,Tracy Cortez,Stephanie Egger,-205.0,160.0,"Abu Dhabi, Abu Dhabi, United Arab Emirates",United Arab Emirates,Red,False,Women's Bantamweight,3.0,0.0,0.0,0.0,0.0,0.0,4.83,0.54,0.0,3.0,0.37
326,155,2020-10-10,UFC Fight Night,UFC Fight Night: Moraes vs. Sandhagen,2020-10-10T17:00:00,Bruno Silva,Tagir Ulanbekov,321.0,-455.0,"Abu Dhabi, Abu Dhabi, United Arab Emirates",United Arab Emirates,Blue,False,Flyweight,3.0,0.0,0.0,0.0,0.0,0.0,2.32,0.44,0.0,2.68,0.22
327,154,2020-10-17,UFC Fight Night,UFC Fight Night: Ortega vs. The Korean Zombie,2020-10-17T16:00:00,Brian Ortega,Chan Sung Jung,160.0,-200.0,"Abu Dhabi, Abu Dhabi, United Arab Emirates",United Arab Emirates,Red,False,Featherweight,5.0,4.58,0.41,0.6,0.78,0.41,4.07,0.33,1.4,0.51,0.16
328,154,2020-10-17,UFC Fight Night,UFC Fight Night: Ortega vs. The Korean Zombie,2020-10-17T16:00:00,Katlyn Chookagian,Jessica Andrade,130.0,-159.0,"Abu Dhabi, Abu Dhabi, United Arab Emirates",United Arab Emirates,Blue,False,Women's Flyweight,3.0,6.4,0.49,0.4,3.02,0.57,4.19,0.35,0.5,0.31,0.15
329,154,2020-10-17,UFC Fight Night,UFC Fight Night: Ortega vs. The Korean Zombie,2020-10-17T16:00:00,Jimmy Crute,Modestas Bukauskas,-335.0,250.0,"Abu Dhabi, Abu Dhabi, United Arab Emirates",United Arab Emirates,Red,False,Light Heavyweight,3.0,3.6,0.36,0.0,0.0,0.0,4.08,0.55,2.6,4.63,0.81
330,154,2020-10-17,UFC Fight Night,UFC Fight Night: Ortega vs. The Korean Zombie,2020-10-17T16:00:00,Claudio Silva,James Krause,120.0,-150.0,"Abu Dhabi, Abu Dhabi, United Arab Emirates",United Arab Emirates,Blue,False,Welterweight,3.0,4.65,0.48,1.0,1.05,0.18,2.8,0.51,2.1,3.32,0.33
331,154,2020-10-17,UFC Fight Night,UFC Fight Night: Ortega vs. The Korean Zombie,2020-10-17T16:00:00,Thomas Almeida,Jonathan Martinez,-139.0,110.0,"Abu Dhabi, Abu Dhabi, United Arab Emirates",United Arab Emirates,Blue,False,Featherweight,3.0,4.22,0.5,0.0,0.64,0.37,5.66,0.45,0.0,0.0,0.0
332,154,2020-10-17,UFC Fight Night,UFC Fight Night: Ortega vs. The Korean Zombie,2020-10-17T16:00:00,Mateusz Gamrot,Guram Kutateladze,-335.0,245.0,"Abu Dhabi, Abu Dhabi, United Arab Emirates",United Arab Emirates,Blue,False,Lightweight,3.0,0.0,0.0,0.0,0.0,0.0,0.0,0.0,0.0,0.0,0.0
333,154,2020-10-17,UFC Fight Night,UFC Fight Night: Ortega vs. The Korean Zombie,2020-10-17T16:00:00,Gillian Robertson,Poliana Botelho,-215.0,169.0,"Abu Dhabi, Abu Dhabi, United Arab Emirates",United Arab Emirates,Red,False,Women's Flyweight,3.0,3.65,0.58,0.0,1.27,1.0,1.96,0.48,1.2,3.33,0.52
334,154,2020-10-17,UFC Fight Night,UFC Fight Night: Ortega vs. The Korean Zombie,2020-10-17T16:00:00,Junyong Park,John Phillips,-278.0,215.0,"Abu Dhabi, Abu Dhabi, United Arab Emirates",United Arab Emirates,Red,False,Middleweight,3.0,2.25,0.34,0.0,0.0,0.0,6.41,0.47,0.0,3.04,0.5
335,154,2020-10-17,UFC Fight Night,UFC Fight Night: Ortega vs. The Korean Zombie,2020-10-17T16:00:00,Jamie Mullarkey,Fares Ziam,-137.0,110.0,"Abu Dhabi, Abu Dhabi, United Arab Emirates",United Arab Emirates,Blue,False,Lightweight,3.0,0.67,0.32,0.0,0.0,0.0,2.4,0.37,1.0,3.0,0.2
336,154,2020-10-17,UFC Fight Night,UFC Fight Night: Ortega vs. The Korean Zombie,2020-10-17T16:00:00,Gadzhimurad Antigulov,Maxim Grishin,277.0,-375.0,"Abu Dhabi, Abu Dhabi, United Arab Emirates",United Arab Emirates,Blue,False,Light Heavyweight,3.0,1.2,0.56,0.0,0.0,0.0,2.89,0.56,2.8,8.4,0.42
337,154,2020-10-17,UFC Fight Night,UFC Fight Night: Ortega vs. The Korean Zombie,2020-10-17T16:00:00,Said Nurmagomedov,Mark Striegl,-435.0,317.0,"Abu Dhabi, Abu Dhabi, United Arab Emirates",United Arab Emirates,Red,False,Bantamweight,3.0,0.0,0.0,0.0,0.0,0.0,4.22,0.44,0.0,0.46,0.07
338,145,2020-10-24,UFC 254,UFC 254: Khabib vs. Gaethje,2020-10-24T11:00:00,Khabib Nurmagomedov,Justin Gaethje,-315.0,255.0,"Abu Dhabi, Abu Dhabi, United Arab Emirates",United Arab Emirates,Red,True,Lightweight,5.0,7.74,0.59,0.0,0.0,0.0,4.11,0.49,0.7,5.35,0.47
339,145,2020-10-24,UFC 254,UFC 254: Khabib vs. Gaethje,2020-10-24T11:00:00,Robert Whittaker,Jared Cannonier,-110.0,-110.0,"Abu Dhabi, Abu Dhabi, United Arab Emirates",United Arab Emirates,Red,False,Middleweight,3.0,3.72,0.51,0.0,0.18,0.33,4.51,0.4,0.0,0.46,0.3
340,145,2020-10-24,UFC 254,UFC 254: Khabib vs. Gaethje,2020-10-24T11:00:00,Alexander Volkov,Walt Harris,-190.0,150.0,"Abu Dhabi, Abu Dhabi, United Arab Emirates",United Arab Emirates,Red,False,Heavyweight,3.0,2.97,0.39,0.2,0.32,0.33,4.65,0.58,0.2,0.72,0.7
341,145,2020-10-24,UFC 254,UFC 254: Khabib vs. Gaethje,2020-10-24T11:00:00,Jacob Malkoun,Phillip Hawes,195.0,-250.0,"Abu Dhabi, Abu Dhabi, United Arab Emirates",United Arab Emirates,Blue,False,Middleweight,3.0,3.47,0.46,0.0,1.74,0.14,0.0,0.0,0.0,0.0,0.0
342,145,2020-10-24,UFC 254,UFC 254: Khabib vs. Gaethje,2020-10-24T11:00:00,Lauren Murphy,Liliya Shakirova,-215.0,170.0,"Abu Dhabi, Abu Dhabi, United Arab Emirates",United Arab Emirates,Red,False,Women's Flyweight,3.0,0.0,0.0,0.0,0.0,0.0,3.88,0.39,0.0,1.14,0.35
343,145,2020-10-24,UFC 254,UFC 254: Khabib vs. Gaethje,2020-10-24T11:00:00,Magomed Ankalaev,Ion Cutelaba,-335.0,250.0,"Abu Dhabi, Abu Dhabi, United Arab Emirates",United Arab Emirates,Red,False,Light Heavyweight,3.0,5.29,0.39,0.0,2.59,0.71,3.46,0.56,0.0,0.68,0.33
344,145,2020-10-24,UFC 254,UFC 254: Khabib vs. Gaethje,2020-10-24T11:00:00,Stefan Struve,Tai Tuivasa,-112.0,-112.0,"Abu Dhabi, Abu Dhabi, United Arab Emirates",United Arab Emirates,Blue,False,Heavyweight,3.0,4.09,0.48,0.0,0.0,0.0,3.13,0.47,1.7,0.58,0.5
345,145,2020-10-24,UFC 254,UFC 254: Khabib vs. Gaethje,2020-10-24T11:00:00,Nathaniel Wood,Casey Kenney,140.0,-177.0,"Abu Dhabi, Abu Dhabi, United Arab Emirates",United Arab Emirates,Blue,False,Catch Weight,3.0,4.25,0.42,0.6,1.13,0.46,5.52,0.48,1.1,1.65,0.6
346,145,2020-10-24,UFC 254,UFC 254: Khabib vs. Gaethje,2020-10-24T11:00:00,Alex Oliveira,Shavkat Rakhmonov,-112.0,-112.0,"Abu Dhabi, Abu Dhabi, United Arab Emirates",United Arab Emirates,Blue,False,Welterweight,3.0,0.0,0.0,0.0,0.0,0.0,2.89,0.5,0.6,2.47,0.37
347,145,2020-10-24,UFC 254,UFC 254: Khabib vs. Gaethje,2020-10-24T11:00:00,Liana Jojua,Miranda Maverick,295.0,-400.0,"Abu Dhabi, Abu Dhabi, United Arab Emirates",United Arab Emirates,Blue,False,Women's Flyweight,3.0,0.0,0.0,0.0,0.0,0.0,1.39,0.43,3.0,1.98,0.66
348,145,2020-10-24,UFC 254,UFC 254: Khabib vs. Gaethje,2020-10-24T11:00:00,Joel Alvarez,Alexander Yakovlev,-175.0,138.0,"Abu Dhabi, Abu Dhabi, United Arab Emirates",United Arab Emirates,Red,False,Lightweight,3.0,1.79,0.47,0.2,1.56,0.33,3.03,0.36,0.6,0.0,0.0
349,159,2020-10-31,UFC Fight Night,UFC Fight Night: Hall vs. Silva,2020-10-31T16:00:00,Uriah Hall,Anderson Silva,-230.0,185.0,"Las Vegas, Nevada, USA",USA,Red,False,Middleweight,5.0,3.04,0.62,0.8,0.52,0.77,3.31,0.5,0.2,0.75,0.38
350,159,2020-10-31,UFC Fight Night,UFC Fight Night: Hall vs. Silva,2020-10-31T16:00:00,Bryce Mitchell,Andre Fili,-150.0,120.0,"Las Vegas, Nevada, USA",USA,Red,False,Featherweight,3.0,3.9,0.36,0.2,2.71,0.49,2.05,0.59,2.7,2.13,0.41
351,159,2020-10-31,UFC Fight Night,UFC Fight Night: Hall vs. Silva,2020-10-31T16:00:00,Maurice Greene,Greg Hardy,250.0,-335.0,"Las Vegas, Nevada, USA",USA,Blue,False,Heavyweight,3.0,4.48,0.48,0.0,0.0,0.0,4.31,0.44,0.7,0.0,0.0
352,159,2020-10-31,UFC Fight Night,UFC Fight Night: Hall vs. Silva,2020-10-31T16:00:00,Kevin Holland,Charlie Ontiveros,-770.0,500.0,"Las Vegas, Nevada, USA",USA,Red,False,Middleweight,3.0,0.0,0.0,0.0,0.0,0.0,4.69,0.56,0.8,0.96,0.36
353,159,2020-10-31,UFC Fight Night,UFC Fight Night: Hall vs. Silva,2020-10-31T16:00:00,Bobby Green,Thiago Moises,-335.0,245.0,"Las Vegas, Nevada, USA",USA,Blue,False,Lightweight,3.0,2.68,0.43,1.6,1.1,0.28,5.13,0.51,0.4,1.53,0.39
354,159,2020-10-31,UFC Fight Night,UFC Fight Night: Hall vs. Silva,2020-10-31T16:00:00,Chris Gruetzemacher,Alexander Hernandez,315.0,-435.0,"Las Vegas, Nevada, USA",USA,Blue,False,Lightweight,3.0,3.17,0.38,0.0,2.15,0.38,7.12,0.58,0.0,0.0,0.0
355,159,2020-10-31,UFC Fight Night,UFC Fight Night: Hall vs. Silva,2020-10-31T16:00:00,Adrian Yanez,Victor Rodriguez,-500.0,356.0,"Las Vegas, Nevada, USA",USA,Red,False,Bantamweight,3.0,0.0,0.0,0.0,0.0,0.0,10.77,0.7,0.0,0.0,0.0
356,159,2020-10-31,UFC Fight Night,UFC Fight Night: Hall vs. Silva,2020-10-31T16:00:00,Sean Strickland,Jack Marshman,-375.0,277.0,"Las Vegas, Nevada, USA",USA,Red,False,Middleweight,3.0,2.64,0.28,0.0,0.0,0.0,4.34,0.35,0.5,1.37,0.57
357,159,2020-10-31,UFC Fight Night,UFC Fight Night: Hall vs. Silva,2020-10-31T16:00:00,Cole Williams,Jason Witt,119.0,-148.0,"Las Vegas, Nevada, USA",USA,Blue,False,Welterweight,3.0,2.5,0.4,0.0,0.0,0.0,0.77,0.33,0.0,0.0,0.0
358,159,2020-10-31,UFC Fight Night,UFC Fight Night: Hall vs. Silva,2020-10-31T16:00:00,Dustin Jacoby,Justin Ledet,-400.0,296.0,"Las Vegas, Nevada, USA",USA,Red,False,Light Heavyweight,3.0,3.33,0.39,0.2,0.24,0.5,3.4,0.46,0.0,0.3,1.0
359,159,2020-10-31,UFC Fight Night,UFC Fight Night: Hall vs. Silva,2020-10-31T16:00:00,Miles Johns,Kevin Natividad,-165.0,131.0,"Las Vegas, Nevada, USA",USA,Red,False,Bantamweight,3.0,0.0,0.0,0.0,0.0,0.0,3.19,0.49,0.0,1.64,0.66
360,162,2020-11-07,UFC Fight Night,UFC Fight Night: Santos vs. Teixeira,2020-11-07T19:30:00,Thiago Santos,Glover Teixeira,-240.0,190.0,"Las Vegas, Nevada, USA",USA,Blue,False,Light Heavyweight,5.0,3.74,0.47,0.9,1.87,0.38,4.44,0.47,0.1,0.83,0.4
361,162,2020-11-07,UFC Fight Night,UFC Fight Night: Santos vs. Teixeira,2020-11-07T19:30:00,Andrei Arlovski,Tanner Boser,235.0,-305.0,"Las Vegas, Nevada, USA",USA,Red,False,Heavyweight,3.0,4.54,0.54,0.0,0.0,0.0,3.54,0.44,0.3,0.5,0.36
362,162,2020-11-07,UFC Fight Night,UFC Fight Night: Santos vs. Teixeira,2020-11-07T19:30:00,Raoni Barcelos,Khalid Taha,-400.0,295.0,"Las Vegas, Nevada, USA",USA,Red,False,Bantamweight,3.0,2.64,0.5,0.5,0.0,0.0,4.79,0.5,0.7,2.31,0.58
363,162,2020-11-07,UFC Fight Night,UFC Fight Night: Santos vs. Teixeira,2020-11-07T19:30:00,Claudia Gadelha,Yan Xiaonan,125.0,-155.0,"Las Vegas, Nevada, USA",USA,Blue,False,Women's Strawweight,3.0,6.72,0.42,0.0,1.2,0.75,3.4,0.41,0.7,3.13,0.45
364,162,2020-11-07,UFC Fight Night,UFC Fight Night: Santos vs. Teixeira,2020-11-07T19:30:00,Trevin Giles,Bevon Lewis,100.0,-125.0,"Las Vegas, Nevada, USA",USA,Red,False,Middleweight,3.0,4.05,0.45,0.0,0.0,0.0,3.61,0.56,0.2,1.47,1.0
365,162,2020-11-07,UFC Fight Night,UFC Fight Night: Santos vs. Teixeira,2020-11-07T19:30:00,Giga Chikadze,Jamey Simmons,-835.0,525.0,"Las Vegas, Nevada, USA",USA,Red,False,Featherweight,3.0,0.0,0.0,0.0,0.0,0.0,3.52,0.43,0.0,0.4,0.4
366,162,2020-11-07,UFC Fight Night,UFC Fight Night: Santos vs. Teixeira,2020-11-07T19:30:00,Alexandr Romanov,Marcos Rogerio de Lima,-455.0,330.0,"Las Vegas, Nevada, USA",USA,Red,False,Heavyweight,3.0,3.78,0.54,0.8,0.76,0.6,5.87,0.37,3.2,6.41,1.0
367,162,2020-11-07,UFC Fight Night,UFC Fight Night: Santos vs. Teixeira,2020-11-07T19:30:00,Darren Elkins,Eduardo Garagorri,-240.0,185.0,"Las Vegas, Nevada, USA",USA,Red,False,Featherweight,3.0,3.75,0.54,0.0,0.79,1.0,3.54,0.37,1.2,2.43,0.33
368,162,2020-11-07,UFC Fight Night,UFC Fight Night: Santos vs. Teixeira,2020-11-07T19:30:00,Max Griffin,Ramiz Brahimaj,-143.0,115.0,"Las Vegas, Nevada, USA",USA,Red,False,Welterweight,3.0,0.0,0.0,0.0,0.0,0.0,3.87,0.49,0.5,1.9,0.55
369,162,2020-11-07,UFC Fight Night,UFC Fight Night: Santos vs. Teixeira,2020-11-07T19:30:00,Gustavo Lopez,Anthony Birchak,-134.0,108.0,"Las Vegas, Nevada, USA",USA,Red,False,Bantamweight,3.0,3.98,0.35,0.0,0.68,0.16,0.93,0.24,0.0,0.0,0.0
370,148,2020-11-14,UFC Fight Night,UFC Fight Night: Felder vs. Dos Anjos,2020-11-14T17:00:00,,,,,,,,,,,,,,,,,,,,
