,W/L,FIGHTER,KD,STR,TD,SUB,WEIGHT CLASS,METHOD,ROUND,TIME,,SUM  Pre COVID,,SUM During COVID,
Pre_COVID,WIN,Jairzinho Rozenstruik,1,89,0,0,Heavyweight,KO/TKO,5,4:56,,U-DEC,86,U-DEC,89
Pre_COVID,,Alistair Overeem,0,74,2,0,,Punch,,,,S-DEC,24,S-DEC,16
Pre_COVID,DRAW,Marina Rodriguez,0,56,0,0,Women's Strawweight,M-DEC,3,5:00,,M-DEC,3,M-DEC,2
Pre_COVID,DRAW,Cynthia Calvillo,0,78,3,0,,,,,,TKO,69,TKO,67
Pre_COVID,WIN,Ben Rothwell,1,58,0,0,Heavyweight,KO/TKO,2,4:57,,SUB,35,SUB,46
Pre_COVID,,Stefan Struve,0,53,0,0,,Punches,,,,DQ,2,DQ,0
Pre_COVID,WIN,Aspen Ladd,1,47,2,0,Women's Bantamweight,KO/TKO,3,0:33,,DEC,113,DEC,107
Pre_COVID,,Yana Kunitskaya,0,47,0,0,,Punches,,,,Finishes,104,Finishes,113
Pre_COVID,DRAW,Cody Stamann,0,41,5,0,Bantamweight,M-DEC,3,5:00,,Total Strikes,19442,Total Strikes,19075
Pre_COVID,DRAW,Song Yadong,0,30,0,0,,,,,,Total Takedowns,439,Total Takedowns,425
Pre_COVID,WIN,Rob Font,0,90,1,0,Bantamweight,U-DEC,3,5:00,,Total Submissions,131,Total Submissions,142
Pre_COVID,,Ricky Simon,0,59,6,0,,,,,,,,,
Pre_COVID,WIN,Tim Means,1,23,0,1,Welterweight,SUB,1,2:38,,,,,
Pre_COVID,,Thiago Alves,0,13,0,0,,Guillotine Choke,,,,,,,
Pre_COVID,WIN,Billy Quarantillo,0,74,1,5,Featherweight,SUB,2,3:18,,,,,
Pre_COVID,,Jacob Kilburn,0,3,0,0,,Triangle Choke,,,,,,,
Pre_COVID,WIN,Bryce Mitchell,0,6,1,1,Featherweight,SUB,1,4:20,,,,,
Pre_COVID,,Matt Sayles,0,2,0,0,,Other - Lock,,,,,,,
Pre_COVID,WIN,Joe Solecki,0,56,4,0,Lightweight,U-DEC,3,5:00,,,,,
Pre_COVID,,Matt Wiman,0,10,0,0,,,,,,,,,
Pre_COVID,WIN,Virna Jandiroba,0,7,3,3,Women's Strawweight,SUB,2,1:16,,,,,
Pre_COVID,,Mallory Martin,0,9,0,0,,Rear Naked Choke,,,,,,,
Pre_COVID,WIN,Makhmud Muradov,1,91,1,1,Middleweight,KO/TKO,3,4:09,,,,,
Pre_COVID,,Trevor Smith,0,39,0,0,,Punch,,,,,,,
Pre_COVID,WIN,Kamaru Usman,2,175,0,0,Welterweight,KO/TKO,5,4:10,,,,,
Pre_COVID,,Colby Covington,0,143,0,0,,Punch,,,,,,,
Pre_COVID,WIN,Alexander Volkanovski,0,157,0,0,Featherweight,U-DEC,5,5:00,,,,,
Pre_COVID,,Max Holloway,0,134,0,0,,,,,,,,,
Pre_COVID,WIN,Amanda Nunes,0,79,8,2,Women's Bantamweight,U-DEC,5,5:00,,,,,
Pre_COVID,,Germaine de Randamie,0,40,0,1,,,,,,,,,
Pre_COVID,WIN,Marlon Moraes,0,59,1,0,Bantamweight,S-DEC,3,5:00,,,,,
Pre_COVID,,Jose Aldo,0,58,0,0,,,,,,,,,
Pre_COVID,WIN,Petr Yan,3,54,2,0,Bantamweight,KO/TKO,3,0:43,,,,,
Pre_COVID,,Urijah Faber,0,18,0,0,,Kick,,,,,,,
Pre_COVID,WIN,Geoff Neal,1,15,0,0,Welterweight,KO/TKO,1,1:30,,,,,
Pre_COVID,,Mike Perry,0,5,0,0,,Punches,,,,,,,
Pre_COVID,WIN,Irene Aldana,1,26,0,0,Women's Bantamweight,KO/TKO,1,4:51,,,,,
Pre_COVID,,Ketlen Vieira,0,20,0,0,,Punch,,,,,,,
Pre_COVID,WIN,Omari Akhmedov,0,55,2,0,Middleweight,U-DEC,3,5:00,,,,,
Pre_COVID,,Ian Heinisch,0,53,3,0,,,,,,,,,
Pre_COVID,WIN,Matt Brown,0,30,2,0,Welterweight,KO/TKO,2,4:55,,,,,
Pre_COVID,,Ben Saunders,0,12,0,4,,Punches,,,,,,,
Pre_COVID,WIN,Chase Hooper,0,20,1,2,Featherweight,KO/TKO,1,4:34,,,,,
Pre_COVID,,Daniel Teymur,0,2,0,1,,Elbows,,,,,,,
Pre_COVID,WIN,Brandon Moreno,0,91,0,0,Flyweight,U-DEC,3,5:00,,,,,
Pre_COVID,,Kai Kara-France,0,82,0,0,,,,,,,,,
Pre_COVID,WIN,Jessica Eye,0,98,0,0,Women's Flyweight,U-DEC,3,5:00,,,,,
Pre_COVID,,Viviane Araujo,0,56,2,0,,,,,,,,,
Pre_COVID,WIN,Punahele Soriano,2,26,1,0,Middleweight,KO/TKO,1,3:17,,,,,
Pre_COVID,,Oskar Piechota,0,8,0,0,,Punch,,,,,,,
Pre_COVID,WIN,Chan Sung Jung,1,46,0,0,Featherweight,KO/TKO,1,3:18,,,,,
Pre_COVID,,Frankie Edgar,0,9,0,0,,Punches,,,,,,,
Pre_COVID,WIN,Volkan Oezdemir,0,63,0,0,Light Heavyweight,S-DEC,3,5:00,,,,,
Pre_COVID,,Aleksandar Rakic,0,75,1,1,,,,,,,,,
Pre_COVID,WIN,Charles Jourdain,2,64,0,0,Featherweight,KO/TKO,2,4:32,,,,,
Pre_COVID,,Dooho Choi,1,42,0,0,,Punches,,,,,,,
Pre_COVID,WIN,Da-Un Jung,1,5,0,0,Light Heavyweight,KO/TKO,1,1:04,,,,,
Pre_COVID,,Mike Rodriguez,0,4,0,0,,Punch,,,,,,,
Pre_COVID,WIN,Junyong Park,0,77,5,0,Middleweight,U-DEC,3,5:00,,,,,
Pre_COVID,,Marc-Andre Barriault,0,51,0,0,,,,,,,,,
Pre_COVID,WIN,Kyung Ho Kang,0,20,3,0,Bantamweight,S-DEC,3,5:00,,,,,
Pre_COVID,,Pingyuan Liu,0,25,0,0,,,,,,,,,
Pre_COVID,WIN,Ciryl Gane,0,65,0,0,Heavyweight,U-DEC,3,5:00,,,,,
Pre_COVID,,Tanner Boser,0,32,0,0,,,,,,,,,
Pre_COVID,WIN,SeungWoo Choi,1,95,0,0,Featherweight,U-DEC,3,5:00,,,,,
Pre_COVID,,Suman Mokhtarian,0,33,0,0,,,,,,,,,
Pre_COVID,WIN,Omar Morales,1,32,1,0,Lightweight,U-DEC,3,5:00,,,,,
Pre_COVID,,Dong Hyun Ma,0,15,0,0,,,,,,,,,
Pre_COVID,WIN,Alexandre Pantoja,1,34,1,0,Flyweight,KO/TKO,1,4:17,,,,,
Pre_COVID,,Matt Schnell,0,20,0,0,,Punch,,,,,,,
Pre_COVID,WIN,Raoni Barcelos,0,42,2,0,Bantamweight,U-DEC,3,5:00,,,,,
Pre_COVID,,Said Nurmagomedov,0,55,0,0,,,,,,,,,
Pre_COVID,WIN,Amanda Lemos,0,8,1,1,Women's Strawweight,SUB,1,3:43,,,,,
Pre_COVID,,Miranda Granger,0,4,0,0,,Rear Naked Choke,,,,,,,
Pre_COVID,WIN,Heili Alateng,0,47,4,0,Bantamweight,S-DEC,3,5:00,,,,,
Pre_COVID,,Ryan Benoit,0,68,0,0,,,,,,,,,
Pre_COVID,WIN,Curtis Blaydes,0,28,0,0,Heavyweight,KO/TKO,2,1:06,,,,,
Pre_COVID,,Junior Dos Santos,0,7,0,0,,Punches,,,,,,,
Pre_COVID,WIN,Michael Chiesa,0,9,6,0,Welterweight,U-DEC,3,5:00,,,,,
Pre_COVID,,Rafael Dos Anjos,0,14,0,0,,,,,,,,,
Pre_COVID,WIN,Alex Perez,0,2,1,1,Flyweight,SUB,1,2:33,,,,,
Pre_COVID,,Jordan Espinosa,0,2,0,0,,Arm Triangle,,,,,,,
Pre_COVID,WIN,Angela Hill,0,70,1,0,Women's Strawweight,KO/TKO,2,4:26,,,,,
Pre_COVID,,Hannah Cifers,0,46,0,0,,Elbows,,,,,,,
Pre_COVID,WIN,Jamahal Hill,0,101,0,0,Light Heavyweight,U-DEC,3,5:00,,,,,
Pre_COVID,,Darko Stosic,0,31,6,0,,,,,,,,,
Pre_COVID,WIN,Bevon Lewis,0,36,0,0,Middleweight,U-DEC,3,5:00,,,,,
Pre_COVID,,Dequan Townsend,0,28,0,0,,,,,,,,,
Pre_COVID,WIN,Arnold Allen,0,63,0,0,Featherweight,U-DEC,3,5:00,,,,,
Pre_COVID,,Nik Lentz,0,49,0,0,,,,,,,,,
Pre_COVID,WIN,Justine Kish,0,62,1,0,Women's Flyweight,U-DEC,3,5:00,,,,,
Pre_COVID,,Lucie Pudilova,0,29,0,0,,,,,,,,,
Pre_COVID,WIN,Montel Jackson,1,75,11,0,Bantamweight,U-DEC,3,5:00,,,,,
Pre_COVID,,Felipe Colares,0,7,1,3,,,,,,,,,
Pre_COVID,WIN,Sara McMann,0,38,3,1,Women's Bantamweight,U-DEC,3,5:00,,,,,
Pre_COVID,,Lina Lansberg,0,1,0,0,,,,,,,,,
Pre_COVID,WIN,Brett Johns,0,36,6,3,Bantamweight,SUB,3,2:53,,,,,
Pre_COVID,,Tony Gravely,0,26,5,0,,Rear Naked Choke,,,,,,,
Pre_COVID,WIN,Herbert Burns,1,7,1,1,Featherweight,KO/TKO,1,2:43,,,,,
Pre_COVID,,Nate Landwehr,0,4,0,0,,Knee,,,,,,,
Pre_COVID,WIN,Conor McGregor,1,19,0,0,Welterweight,KO/TKO,1,0:40,,,,,
Pre_COVID,,Donald Cerrone,0,0,0,0,,Punches,,,,,,,
Pre_COVID,WIN,Holly Holm,0,30,0,0,Women's Bantamweight,U-DEC,3,5:00,,,,,
Pre_COVID,,Raquel Pennington,0,38,1,0,,,,,,,,,
Pre_COVID,WIN,Aleksei Oleinik,0,7,3,3,Heavyweight,SUB,2,4:38,,,,,
Pre_COVID,,Maurice Greene,0,13,0,0,,Armbar,,,,,,,
Pre_COVID,WIN,Brian Kelleher,0,7,1,1,Bantamweight,SUB,1,2:49,,,,,
Pre_COVID,,Ode Osbourne,0,9,0,0,,Guillotine Choke,,,,,,,
Pre_COVID,WIN,Diego Ferreira,0,25,3,1,Lightweight,SUB,2,1:46,,,,,
Pre_COVID,,Anthony Pettis,0,22,0,0,,Rear Naked Choke,,,,,,,
Pre_COVID,WIN,Roxanne Modafferi,1,19,1,0,Women's Flyweight,U-DEC,3,5:00,,,,,
Pre_COVID,,Maycee Barber,0,16,0,1,,,,,,,,,
Pre_COVID,WIN,Sodiq Yusuff,0,73,0,1,Featherweight,U-DEC,3,5:00,,,,,
Pre_COVID,,Andre Fili,0,49,3,0,,,,,,,,,
Pre_COVID,WIN,Askar Askarov,0,73,0,0,Flyweight,U-DEC,3,5:00,,,,,
Pre_COVID,,Tim Elliott,0,47,3,0,,,,,,,,,
Pre_COVID,WIN,Drew Dober,1,13,0,0,Lightweight,KO/TKO,1,1:10,,,,,
Pre_COVID,,Nasrat Haqparast,0,7,0,0,,Punch,,,,,,,
Pre_COVID,WIN,Aleksa Camur,0,80,1,0,Light Heavyweight,U-DEC,3,5:00,,,,,
Pre_COVID,,Justin Ledet,0,44,0,0,,,,,,,,,
Pre_COVID,WIN,Sabina Mazo,0,118,0,0,Women's Flyweight,S-DEC,3,5:00,,,,,
Pre_COVID,,JJ Aldrich,0,58,0,0,,,,,,,,,
Pre_COVID,WIN,Jon Jones,0,104,2,0,Light Heavyweight,U-DEC,5,5:00,,,,,
Pre_COVID,,Dominick Reyes,0,116,0,0,,,,,,,,,
Pre_COVID,WIN,Valentina Shevchenko,0,40,3,0,Women's Flyweight,KO/TKO,3,1:03,,,,,
Pre_COVID,,Katlyn Chookagian,0,17,0,0,,Punches,,,,,,,
Pre_COVID,WIN,Justin Tafa,1,10,0,0,Heavyweight,KO/TKO,1,1:59,,,,,
Pre_COVID,,Juan Adams,0,7,0,0,,Punch,,,,,,,
Pre_COVID,WIN,Dan Ige,0,43,1,0,Featherweight,S-DEC,3,5:00,,,,,
Pre_COVID,,Mirsad Bektic,0,17,3,1,,,,,,,,,
Pre_COVID,WIN,Derrick Lewis,0,20,0,0,Heavyweight,U-DEC,3,5:00,,,,,
Pre_COVID,,Ilir Latifi,0,5,3,0,,,,,,,,,
Pre_COVID,WIN,Trevin Giles,0,71,0,1,Middleweight,S-DEC,3,5:00,,,,,
Pre_COVID,,James Krause,0,44,1,4,,,,,,,,,
Pre_COVID,WIN,Lauren Murphy,0,80,2,0,Women's Flyweight,S-DEC,3,5:00,,,,,
Pre_COVID,,Andrea Lee,0,104,0,1,,,,,,,,,
Pre_COVID,WIN,Khaos Williams,1,10,0,0,Welterweight,KO/TKO,1,0:27,,,,,
Pre_COVID,,Alex Morono,0,1,0,0,,Punch,,,,,,,
Pre_COVID,WIN,Mario Bautista,1,18,0,0,Bantamweight,KO/TKO,2,1:41,,,,,
Pre_COVID,,Miles Johns,0,13,0,0,,Flying Knee,,,,,,,
Pre_COVID,NC,Domingo Pilarte,0,1,0,0,Bantamweight,Overturned,1,0:38,,,,,
Pre_COVID,NC,Journey Newson,1,6,0,0,,Punch,,,,,,,
Pre_COVID,WIN,Andre Ewell,0,80,0,0,Bantamweight,S-DEC,3,5:00,,,,,
Pre_COVID,,Jonathan Martinez,0,66,0,0,,,,,,,,,
Pre_COVID,WIN,Youssef Zalal,0,31,6,2,Featherweight,U-DEC,3,5:00,,,,,
Pre_COVID,,Austin Lingo,0,12,1,0,,,,,,,,,
Pre_COVID,WIN,Jan Blachowicz,1,13,0,0,Light Heavyweight,KO/TKO,1,3:08,,,,,
Pre_COVID,,Corey Anderson,0,11,0,0,,Punch,,,,,,,
Pre_COVID,WIN,Diego Sanchez,0,25,0,0,Welterweight,DQ,3,3:09,,,,,
Pre_COVID,,Michel Pereira,1,53,2,0,,,,,,,,,
Pre_COVID,WIN,Montana De La Rosa,1,27,1,1,Women's Flyweight,U-DEC,3,5:00,,,,,
Pre_COVID,,Mara Romero Borella,0,23,1,0,,,,,,,,,
Pre_COVID,WIN,Brok Weaver,0,5,0,1,Lightweight,DQ,1,4:02,,,,,
Pre_COVID,,Kazula Vargas,0,15,1,0,,,,,,,,,
Pre_COVID,WIN,Ray Borg,0,35,10,0,Flyweight,U-DEC,3,5:00,,,,,
Pre_COVID,,Rogerio Bontorin,0,9,0,0,,,,,,,,,
Pre_COVID,WIN,Lando Vannata,0,99,0,0,Lightweight,U-DEC,3,5:00,,,,,
Pre_COVID,,Yancy Medeiros,0,68,0,0,,,,,,,,,
Pre_COVID,WIN,Daniel Rodriguez,1,49,0,1,Welterweight,SUB,2,3:37,,,,,
Pre_COVID,,Tim Means,0,41,1,0,,Guillotine Choke,,,,,,,
Pre_COVID,WIN,John Dodson,1,39,0,0,Bantamweight,KO/TKO,3,0:16,,,,,
Pre_COVID,,Nathaniel Wood,0,46,1,0,,Punch,,,,,,,
Pre_COVID,WIN,Scott Holtzman,0,88,1,0,Lightweight,U-DEC,3,5:00,,,,,
Pre_COVID,,Jim Miller,0,58,0,0,,,,,,,,,
Pre_COVID,WIN,Devin Clark,0,39,3,0,Light Heavyweight,U-DEC,3,5:00,,,,,
Pre_COVID,,Dequan Townsend,0,6,0,0,,,,,,,,,
Pre_COVID,WIN,Merab Dvalishvili,0,63,12,0,Bantamweight,U-DEC,3,5:00,,,,,
Pre_COVID,,Casey Kenney,0,45,0,0,,,,,,,,,
Pre_COVID,WIN,Macy Chiasson,0,86,3,0,Women's Bantamweight,U-DEC,3,5:00,,,,,
Pre_COVID,,Shanna Young,0,40,0,0,,,,,,,,,
Pre_COVID,WIN,Raulian Paiva,1,54,0,0,Flyweight,KO/TKO,2,4:42,,,,,
Pre_COVID,,Mark De La Rosa,0,45,0,0,,Punch,,,,,,,
Pre_COVID,WIN,Dan Hooker,0,122,1,0,Lightweight,S-DEC,5,5:00,,,,,
Pre_COVID,,Paul Felder,0,110,0,0,,,,,,,,,
Pre_COVID,WIN,Jimmy Crute,0,2,8,1,Light Heavyweight,SUB,1,3:29,,,,,
Pre_COVID,,Michal Oleksiejczuk,0,3,0,0,,Kimura,,,,,,,
Pre_COVID,WIN,Yan Xiaonan,0,93,5,0,Women's Strawweight,U-DEC,3,5:00,,,,,
Pre_COVID,,Karolina Kowalkiewicz,0,38,0,1,,,,,,,,,
Pre_COVID,WIN,Marcos Rogerio de Lima,1,19,0,0,Heavyweight,KO/TKO,1,1:28,,,,,
Pre_COVID,,Ben Sosoli,0,5,0,0,,Punch,,,,,,,
Pre_COVID,WIN,Brad Riddell,1,38,1,0,Lightweight,S-DEC,3,5:00,,,,,
Pre_COVID,,Magomed Mustafaev,0,28,8,0,,,,,,,,,
Pre_COVID,WIN,Zubaira Tukhugov,2,28,0,0,Featherweight,KO/TKO,1,3:21,,,,,
Pre_COVID,,Kevin Aguilar,0,9,0,0,,Punches,,,,,,,
Pre_COVID,WIN,Jalin Turner,0,55,0,3,Lightweight,KO/TKO,2,3:01,,,,,
Pre_COVID,,Josh Culibao,0,12,0,0,,Punches,,,,,,,
Pre_COVID,WIN,Jake Matthews,1,33,4,0,Welterweight,U-DEC,3,5:00,,,,,
Pre_COVID,,Emil Meek,0,50,0,0,,,,,,,,,
Pre_COVID,WIN,Song Kenan,1,17,0,0,Welterweight,KO/TKO,1,2:20,,,,,
Pre_COVID,,Callan Potter,0,7,1,0,,Punch,,,,,,,
Pre_COVID,WIN,Kai Kara-France,0,78,0,0,Flyweight,U-DEC,3,5:00,,,,,
Pre_COVID,,Tyson Nam,0,50,0,0,,,,,,,,,
Pre_COVID,WIN,Angela Hill,0,48,1,1,Women's Strawweight,U-DEC,3,5:00,,,,,
Pre_COVID,,Loma Lookboonmee,0,53,1,0,,,,,,,,,
Pre_COVID,WIN,Priscila Cachoeira,1,8,0,0,Women's Flyweight,KO/TKO,1,0:40,,,,,
Pre_COVID,,Shana Dobson,0,5,0,0,,Punch,,,,,,,
Pre_COVID,WIN,Deiveson Figueiredo,1,25,1,1,Flyweight,KO/TKO,2,1:54,,,,,
Pre_COVID,,Joseph Benavidez,0,46,0,0,,Punch,,,,,,,
Pre_COVID,WIN,Felicia Spencer,0,40,1,0,Women's Featherweight,KO/TKO,1,3:37,,,,,
Pre_COVID,,Zarah Fairn,0,13,0,0,,Punches,,,,,,,
Pre_COVID,WIN,Magomed Ankalaev,0,8,0,0,Light Heavyweight,KO/TKO,1,0:38,,,,,
Pre_COVID,,Ion Cutelaba,0,5,0,0,,Punches,,,,,,,
Pre_COVID,WIN,Megan Anderson,1,7,0,0,Women's Featherweight,KO/TKO,1,3:31,,,,,
Pre_COVID,,Norma Dumont,0,5,1,0,,Punch,,,,,,,
Pre_COVID,WIN,Grant Dawson,0,15,2,2,Featherweight,SUB,2,1:38,,,,,
Pre_COVID,,Darrick Minner,0,4,1,2,,Rear Naked Choke,,,,,,,
Pre_COVID,WIN,Kyler Phillips,0,89,2,1,Bantamweight,U-DEC,3,5:00,,,,,
Pre_COVID,,Gabriel Silva,0,31,2,1,,,,,,,,,
Pre_COVID,WIN,Brendan Allen,0,20,0,0,Middleweight,KO/TKO,1,4:47,,,,,
Pre_COVID,,Tom Breese,0,4,0,0,,Punches,,,,,,,
Pre_COVID,WIN,Marcin Tybura,0,43,2,0,Heavyweight,U-DEC,3,5:00,,,,,
Pre_COVID,,Serghei Spivac,0,26,0,0,,,,,,,,,
Pre_COVID,WIN,Luis Pena,0,27,0,1,Lightweight,U-DEC,3,5:00,,,,,
Pre_COVID,,Steve Garcia,0,21,1,1,,,,,,,,,
Pre_COVID,WIN,Jordan Griffin,0,15,0,3,Featherweight,SUB,2,3:38,,,,,
Pre_COVID,,TJ Brown,0,32,7,0,,Guillotine Choke,,,,,,,
Pre_COVID,WIN,Spike Carlyle,0,20,0,0,Featherweight,KO/TKO,1,1:25,,,,,
Pre_COVID,,Aalon Cruz,0,2,0,0,,Punches,,,,,,,
Pre_COVID,WIN,Sean Brady,0,47,4,1,Welterweight,U-DEC,3,5:00,,,,,
Pre_COVID,,Ismail Naurdiev,0,37,0,0,,,,,,,,,
Pre_COVID,WIN,Israel Adesanya,0,48,0,0,Middleweight,U-DEC,5,5:00,,,,,
Pre_COVID,,Yoel Romero,0,40,0,0,,,,,,,,,
Pre_COVID,WIN,Zhang Weili,0,165,1,0,Women's Strawweight,S-DEC,5,5:00,,,,,
Pre_COVID,,Joanna Jedrzejczyk,0,186,0,0,,,,,,,,,
Pre_COVID,WIN,Beneil Dariush,1,12,1,2,Lightweight,KO/TKO,2,1:00,,,,,
Pre_COVID,,Drakkar Klose,0,15,0,0,,Punch,,,,,,,
Pre_COVID,WIN,Neil Magny,0,74,4,0,Welterweight,U-DEC,3,5:00,,,,,
Pre_COVID,,Li Jingliang,0,16,2,0,,,,,,,,,
Pre_COVID,WIN,Alex Oliveira,0,40,1,0,Welterweight,S-DEC,3,5:00,,,,,
Pre_COVID,,Max Griffin,0,23,2,0,,,,,,,,,
Pre_COVID,WIN,Sean O'Malley,0,18,0,0,Bantamweight,KO/TKO,1,2:02,,,,,
Pre_COVID,,Jose Quinonez,0,0,0,0,,Punches,,,,,,,
Pre_COVID,WIN,Mark Madsen,0,15,8,0,Lightweight,U-DEC,3,5:00,,,,,
Pre_COVID,,Austin Hubbard,0,41,0,0,,,,,,,,,
Pre_COVID,WIN,Rodolfo Vieira,0,5,2,1,Middleweight,SUB,1,2:58,,,,,
Pre_COVID,,Saparbeg Safarov,0,5,0,0,,Arm Triangle,,,,,,,
Pre_COVID,WIN,Gerald Meerschaert,1,86,1,1,Middleweight,SUB,3,2:13,,,,,
Pre_COVID,,Deron Winn,0,53,1,0,,Rear Naked Choke,,,,,,,
Pre_COVID,WIN,Giga Chikadze,0,38,0,0,Featherweight,S-DEC,3,5:00,,,,,
Pre_COVID,,Jamall Emmers,0,54,2,0,,,,,,,,,
Pre_COVID,WIN,Batgerel Danaa,1,17,0,0,Bantamweight,KO/TKO,1,3:01,,,,,
Pre_COVID,,Guido Cannetti,0,11,0,0,,Punch,,,,,,,
Pre_COVID,WIN,Charles Oliveira,0,43,0,2,Lightweight,SUB,3,0:28,,,,,
Pre_COVID,,Kevin Lee,0,41,2,0,,Guillotine Choke,,,,,,,
Pre_COVID,WIN,Gilbert Burns,1,13,0,0,Welterweight,KO/TKO,1,2:34,,,,,
Pre_COVID,,Demian Maia,0,4,2,0,,Punch,,,,,,,
Pre_COVID,WIN,Renato Moicano,0,1,1,1,Lightweight,SUB,1,0:44,,,,,
Pre_COVID,,Damir Hadzovic,0,1,0,0,,Rear Naked Choke,,,,,,,
Pre_COVID,WIN,Nikita Krylov,0,45,3,0,Light Heavyweight,U-DEC,3,5:00,,,,,
Pre_COVID,,Johnny Walker,0,37,0,0,,,,,,,,,
Pre_COVID,WIN,Francisco Trinaldo,0,55,0,0,Lightweight,U-DEC,3,5:00,,,,,
Pre_COVID,,John Makdessi,0,67,0,0,,,,,,,,,
Pre_COVID,WIN,Brandon Moreno,0,33,0,0,Flyweight,U-DEC,3,5:00,,,,,
Pre_COVID,,Jussier Formiga,0,15,1,1,,,,,,,,,
Pre_COVID,WIN,Amanda Ribas,0,85,1,2,Women's Strawweight,U-DEC,3,5:00,,,,,
Pre_COVID,,Randa Markos,0,36,1,0,,,,,,,,,
Pre_COVID,WIN,Elizeu Zaleski dos Santos,0,62,2,0,Welterweight,U-DEC,3,5:00,,,,,
Pre_COVID,,Aleksei Kunchenko,0,57,0,0,,,,,,,,,
Pre_COVID,DRAW,Rani Yahya,0,24,2,0,Bantamweight,M-DEC,3,5:00,,,,,
Pre_COVID,DRAW,Enrique Barzola,0,57,1,1,,,,,,,,,
Pre_COVID,WIN,Maryna Moroz,0,139,2,0,Women's Flyweight,U-DEC,3,5:00,,,,,
Pre_COVID,,Mayra Bueno Silva,0,88,0,0,,,,,,,,,
Pre_COVID,WIN,David Dvorak,0,67,0,0,Flyweight,U-DEC,3,5:00,,,,,
Pre_COVID,,Bruno Silva,0,45,3,0,,,,,,,,,
Pre_COVID,WIN,Bea Malecki,0,130,0,0,Women's Bantamweight,U-DEC,3,5:00,,,,,
Pre_COVID,,Veronica Macedo,0,93,0,0,,,,,,,,,
Pre_COVID,WIN,Justin Gaethje,0,143,0,0,Lightweight,KO/TKO,5,3:39,,,,,
Pre_COVID,,Tony Ferguson,0,136,0,0,,Punch,,,,,,,
Pre_COVID,WIN,Henry Cejudo,1,53,1,0,Bantamweight,KO/TKO,2,4:58,,,,,
Pre_COVID,,Dominick Cruz,0,33,0,0,,Knee,,,,,,,
Pre_COVID,WIN,Francis Ngannou,1,6,0,0,Heavyweight,KO/TKO,1,0:20,,,,,
Pre_COVID,,Jairzinho Rozenstruik,0,5,0,0,,Punch,,,,,,,
Pre_COVID,WIN,Calvin Kattar,1,52,0,0,Featherweight,KO/TKO,2,2:49,,,,,
Pre_COVID,,Jeremy Stephens,0,57,0,0,,Elbow,,,,,,,
Pre_COVID,WIN,Greg Hardy,0,55,0,0,Heavyweight,U-DEC,3,5:00,,,,,
Pre_COVID,,Yorgan De Castro,0,24,0,0,,,,,,,,,
Pre_COVID,WIN,Anthony Pettis,0,63,0,0,Welterweight,U-DEC,3,5:00,,,,,
Pre_COVID,,Donald Cerrone,0,62,2,0,,,,,,,,,
Pre_COVID,WIN,Aleksei Oleinik,0,94,0,0,Heavyweight,S-DEC,3,5:00,,,,,
Pre_COVID,,Fabricio Werdum,0,53,3,1,,,,,,,,,
Pre_COVID,WIN,Carla Esparza,0,45,1,0,Women's Strawweight,S-DEC,3,5:00,,,,,
Pre_COVID,,Michelle Waterson,0,44,0,0,,,,,,,,,
Pre_COVID,WIN,Vicente Luque,1,130,0,0,Welterweight,KO/TKO,3,3:37,,,,,
Pre_COVID,,Niko Price,0,129,1,0,,Punches,,,,,,,
Pre_COVID,WIN,Bryce Mitchell,0,40,3,5,Featherweight,U-DEC,3,5:00,,,,,
Pre_COVID,,Charles Rosa,0,5,0,0,,,,,,,,,
Pre_COVID,WIN,Ryan Spann,0,51,2,1,Light Heavyweight,S-DEC,3,5:00,,,,,
Pre_COVID,,Sam Alvey,0,57,0,0,,,,,,,,,
Pre_COVID,WIN,Glover Teixeira,1,138,1,0,Light Heavyweight,KO/TKO,5,1:04,,,,,
Pre_COVID,,Anthony Smith,0,86,1,0,,Punches,,,,,,,
Pre_COVID,WIN,Ben Rothwell,0,56,1,0,Heavyweight,S-DEC,3,5:00,,,,,
Pre_COVID,,Ovince Saint Preux,1,42,0,0,,,,,,,,,
Pre_COVID,WIN,Drew Dober,0,61,0,0,Lightweight,KO/TKO,2,4:25,,,,,
Pre_COVID,,Alexander Hernandez,0,34,3,0,,Punches,,,,,,,
Pre_COVID,WIN,Ricky Simon,0,67,7,0,Bantamweight,S-DEC,3,5:00,,,,,
Pre_COVID,,Ray Borg,0,47,0,0,,,,,,,,,
Pre_COVID,WIN,Andrei Arlovski,0,50,0,0,Heavyweight,U-DEC,3,5:00,,,,,
Pre_COVID,,Philipe Lins,0,41,0,0,,,,,,,,,
Pre_COVID,WIN,Thiago Moises,0,1,0,1,Lightweight,SUB,2,0:25,,,,,
Pre_COVID,,Michael Johnson,0,27,0,0,,Ankle Lock,,,,,,,
Pre_COVID,WIN,Sijara Eubanks,0,85,2,0,Women's Bantamweight,U-DEC,3,5:00,,,,,
Pre_COVID,,Sarah Moras,0,44,0,0,,,,,,,,,
Pre_COVID,WIN,Omar Morales,0,63,0,0,Lightweight,U-DEC,3,5:00,,,,,
Pre_COVID,,Gabriel Benitez,0,50,0,0,,,,,,,,,
Pre_COVID,WIN,Brian Kelleher,1,29,0,0,Featherweight,KO/TKO,2,3:40,,,,,
Pre_COVID,,Hunter Azure,0,62,0,0,,Punch,,,,,,,
Pre_COVID,WIN,Chase Sherman,1,51,0,0,Heavyweight,KO/TKO,2,0:49,,,,,
Pre_COVID,,Ike Villanueva,0,16,0,0,,Elbow,,,,,,,
Pre_COVID,WIN,Alistair Overeem,1,68,1,0,Heavyweight,KO/TKO,2,3:00,,,,,
Pre_COVID,,Walt Harris,1,25,0,0,,Punches,,,,,,,
Pre_COVID,WIN,Claudia Gadelha,0,84,1,0,Women's Strawweight,S-DEC,3,5:00,,,,,
Pre_COVID,,Angela Hill,1,90,0,0,,,,,,,,,
Pre_COVID,WIN,Dan Ige,0,79,1,0,Featherweight,S-DEC,3,5:00,,,,,
Pre_COVID,,Edson Barboza,1,80,0,0,,,,,,,,,
Pre_COVID,WIN,Krzysztof Jotko,0,66,0,0,Middleweight,U-DEC,3,5:00,,,,,
Pre_COVID,,Eryk Anders,0,41,0,0,,,,,,,,,
Pre_COVID,WIN,Song Yadong,0,101,0,0,Featherweight,U-DEC,3,5:00,,,,,
Pre_COVID,,Marlon Vera,0,92,2,0,,,,,,,,,
Pre_COVID,WIN,Miguel Baeza,2,37,0,0,Welterweight,KO/TKO,2,0:18,,,,,
Pre_COVID,,Matt Brown,0,33,0,0,,Punch,,,,,,,
Pre_COVID,WIN,Kevin Holland,1,14,0,0,Middleweight,KO/TKO,1,0:39,,,,,
Pre_COVID,,Anthony Hernandez,0,0,0,0,,Knees,,,,,,,
Pre_COVID,WIN,Giga Chikadze,1,61,1,0,Featherweight,U-DEC,3,5:00,,,,,
Pre_COVID,,Irwin Rivera,0,34,0,0,,,,,,,,,
Pre_COVID,WIN,Nate Landwehr,0,118,0,0,Featherweight,U-DEC,3,5:00,,,,,
Pre_COVID,,Darren Elkins,0,121,1,0,,,,,,,,,
Pre_COVID,WIN,Cortney Casey,0,6,0,2,Women's Flyweight,SUB,1,3:36,,,,,
Pre_COVID,,Mara Romero Borella,0,5,1,0,,Armbar,,,,,,,
Pre_COVID,WIN,Rodrigo Nascimento,0,32,2,1,Heavyweight,SUB,2,2:05,,,,,
Pre_COVID,,Don'Tale Mayes,0,27,0,0,,Rear Naked Choke,,,,,,,
Pre_COVID,WIN,Gilbert Burns,0,83,2,1,Welterweight,U-DEC,5,5:00,,,,,
Pre_COVID,,Tyron Woodley,0,28,0,0,,,,,,,,,
Pre_COVID,WIN,Augusto Sakai,0,78,0,0,Heavyweight,S-DEC,3,5:00,,,,,
Pre_COVID,,Blagoy Ivanov,0,66,1,0,,,,,,,,,
Pre_COVID,WIN,Billy Quarantillo,0,49,2,2,Catch Weight,U-DEC,3,5:00,,,,,
Pre_COVID,,Spike Carlyle,0,37,3,0,,,,,,,,,
Pre_COVID,WIN,Roosevelt Roberts,0,40,1,3,Lightweight,SUB,2,3:26,,,,,
Pre_COVID,,Brok Weaver,0,14,0,0,,Rear Naked Choke,,,,,,,
Pre_COVID,WIN,Mackenzie Dern,0,5,0,1,Women's Strawweight,SUB,1,2:36,,,,,
Pre_COVID,,Hannah Cifers,0,7,0,0,,Kneebar,,,,,,,
Pre_COVID,WIN,Katlyn Chookagian,0,73,3,4,Women's Flyweight,U-DEC,3,5:00,,,,,
Pre_COVID,,Antonina Shevchenko,0,25,0,0,,,,,,,,,
Pre_COVID,WIN,Daniel Rodriguez,0,175,1,0,Welterweight,U-DEC,3,5:00,,,,,
Pre_COVID,,Gabe Green,0,127,0,0,,,,,,,,,
Pre_COVID,WIN,Jamahal Hill,2,14,0,0,Light Heavyweight,KO/TKO,1,1:51,,,,,
Pre_COVID,,Klidson Abreu,0,5,0,0,,Knee,,,,,,,
Pre_COVID,WIN,Brandon Royval,0,16,1,2,Flyweight,SUB,2,3:18,,,,,
Pre_COVID,,Tim Elliott,0,17,4,0,,Arm Triangle,,,,,,,
Pre_COVID,WIN,Casey Kenney,0,32,0,1,Bantamweight,SUB,1,3:03,,,,,
Pre_COVID,,Louis Smolka,0,18,0,0,,Guillotine Choke,,,,,,,
Pre_COVID,WIN,Chris Gutierrez,2,60,0,0,Featherweight,KO/TKO,2,4:27,,,,,
Pre_COVID,,Vince Morales,0,8,0,0,,Kick,,,,,,,
Pre_COVID,WIN,Amanda Nunes,0,124,6,1,Women's Featherweight,U-DEC,5,5:00,,,,,
Pre_COVID,,Felicia Spencer,0,42,0,0,,,,,,,,,
Pre_COVID,WIN,Cody Garbrandt,1,19,0,0,Bantamweight,KO/TKO,2,4:59,,,,,
Pre_COVID,,Raphael Assuncao,0,17,0,0,,Punch,,,,,,,
Pre_COVID,WIN,Aljamain Sterling,0,2,0,2,Bantamweight,SUB,1,1:28,,,,,
Pre_COVID,,Cory Sandhagen,0,1,0,0,,Rear Naked Choke,,,,,,,
Pre_COVID,WIN,Neil Magny,0,64,0,0,Welterweight,U-DEC,3,5:00,,,,,
Pre_COVID,,Anthony Rocco Martin,0,37,1,0,,,,,,,,,
Pre_COVID,WIN,Sean O'Malley,1,13,0,0,Bantamweight,KO/TKO,1,1:54,,,,,
Pre_COVID,,Eddie Wineland,0,4,0,0,,Punch,,,,,,,
Pre_COVID,WIN,Alex Caceres,1,103,1,0,Featherweight,U-DEC,3,5:00,,,,,
Pre_COVID,,Chase Hooper,0,53,0,0,,,,,,,,,
Pre_COVID,WIN,Ian Heinisch,1,20,0,0,Middleweight,KO/TKO,1,1:14,,,,,
Pre_COVID,,Gerald Meerschaert,0,3,0,0,,Punch,,,,,,,
Pre_COVID,WIN,Cody Stamann,0,89,2,0,Featherweight,U-DEC,3,5:00,,,,,
Pre_COVID,,Brian Kelleher,0,57,1,0,,,,,,,,,
Pre_COVID,WIN,Maki Pitolo,0,29,3,0,Middleweight,KO/TKO,2,1:10,,,,,
Pre_COVID,,Charles Byrd,0,11,1,0,,Punches,,,,,,,
Pre_COVID,WIN,Alex Perez,2,29,0,0,Flyweight,KO/TKO,1,4:06,,,,,
Pre_COVID,,Jussier Formiga,0,18,0,0,,Kick,,,,,,,
Pre_COVID,WIN,Devin Clark,0,79,1,0,Light Heavyweight,U-DEC,3,5:00,,,,,
Pre_COVID,,Alonzo Menifield,0,39,0,0,,,,,,,,,
Pre_COVID,WIN,Herbert Burns,0,5,1,1,Catch Weight,SUB,1,1:20,,,,,
Pre_COVID,,Evan Dunham,0,3,0,0,,Rear Naked Choke,,,,,,,
Pre_COVID,WIN,Cynthia Calvillo,0,113,4,0,Women's Flyweight,U-DEC,5,5:00,,,,,
Pre_COVID,,Jessica Eye,0,70,0,0,,,,,,,,,
Pre_COVID,WIN,Marvin Vettori,0,45,2,2,Middleweight,SUB,1,4:17,,,,,
Pre_COVID,,Karl Roberson,0,4,0,0,,Rear Naked Choke,,,,,,,
Pre_COVID,WIN,Charles Rosa,0,69,0,0,Lightweight,S-DEC,3,5:00,,,,,
Pre_COVID,,Kevin Aguilar,0,53,0,0,,,,,,,,,
Pre_COVID,WIN,Andre Fili,0,44,5,0,Featherweight,S-DEC,3,5:00,,,,,
Pre_COVID,,Charles Jourdain,1,62,0,0,,,,,,,,,
Pre_COVID,WIN,Jordan Espinosa,0,126,2,0,Bantamweight,U-DEC,3,5:00,,,,,
Pre_COVID,,Mark De La Rosa,0,37,0,0,,,,,,,,,
Pre_COVID,WIN,Mariya Agapova,1,29,0,1,Women's Flyweight,SUB,1,2:42,,,,,
Pre_COVID,,Hannah Cifers,0,11,0,0,,Rear Naked Choke,,,,,,,
Pre_COVID,WIN,Merab Dvalishvili,0,73,13,2,Catch Weight,U-DEC,3,5:00,,,,,
Pre_COVID,,Gustavo Lopez,0,14,0,0,,,,,,,,,
Pre_COVID,WIN,Julia Avila,0,11,0,0,Women's Bantamweight,KO/TKO,1,0:22,,,,,
Pre_COVID,,Gina Mazany,0,2,0,0,,Punches,,,,,,,
Pre_COVID,WIN,Tyson Nam,1,2,0,0,Bantamweight,KO/TKO,1,0:32,,,,,
Pre_COVID,,Zarrukh Adashev,0,2,0,0,,Punch,,,,,,,
Pre_COVID,WIN,Christian Aguilera,0,10,0,0,Welterweight,KO/TKO,1,0:59,,,,,
Pre_COVID,,Anthony Ivy,0,4,0,0,,Punches,,,,,,,
Pre_COVID,WIN,Curtis Blaydes,0,69,14,0,Heavyweight,U-DEC,5,5:00,,,,,
Pre_COVID,,Alexander Volkov,0,31,1,0,,,,,,,,,
Pre_COVID,WIN,Josh Emmett,2,127,1,0,Featherweight,U-DEC,3,5:00,,,,,
Pre_COVID,,Shane Burgos,0,128,0,0,,,,,,,,,
Pre_COVID,WIN,Raquel Pennington,0,107,1,0,Women's Bantamweight,U-DEC,3,5:00,,,,,
Pre_COVID,,Marion Reneau,0,46,2,0,,,,,,,,,
Pre_COVID,WIN,Belal Muhammad,0,82,2,0,Welterweight,U-DEC,3,5:00,,,,,
Pre_COVID,,Lyman Good,0,81,0,0,,,,,,,,,
Pre_COVID,WIN,Jim Miller,0,2,0,1,Catch Weight,SUB,1,2:25,,,,,
Pre_COVID,,Roosevelt Roberts,0,1,0,0,,Armbar,,,,,,,
Pre_COVID,WIN,Bobby Green,0,85,2,2,Lightweight,U-DEC,3,5:00,,,,,
Pre_COVID,,Clay Guida,0,23,3,0,,,,,,,,,
Pre_COVID,WIN,Tecia Torres,0,74,0,0,Women's Strawweight,U-DEC,3,5:00,,,,,
Pre_COVID,,Brianna Van Buren,0,34,2,0,,,,,,,,,
Pre_COVID,WIN,Marc-Andre Barriault,1,74,1,0,Middleweight,KO/TKO,2,4:50,,,,,
Pre_COVID,,Oskar Piechota,0,37,0,0,,Punches,,,,,,,
Pre_COVID,WIN,Gillian Robertson,0,21,3,1,Women's Flyweight,SUB,3,4:36,,,,,
Pre_COVID,,Cortney Casey,0,22,0,0,,Rear Naked Choke,,,,,,,
Pre_COVID,WIN,Justin Jaynes,1,16,0,0,Lightweight,KO/TKO,1,0:41,,,,,
Pre_COVID,,Frank Camacho,0,4,0,0,,Punches,,,,,,,
Pre_COVID,WIN,Lauren Murphy,0,72,2,0,Women's Flyweight,U-DEC,3,5:00,,,,,
Pre_COVID,,Roxanne Modafferi,0,44,0,0,,,,,,,,,
Pre_COVID,WIN,Austin Hubbard,0,58,0,0,Lightweight,KO/TKO,2,5:00,,,,,
Pre_COVID,,Max Rohskopf,0,17,2,1,,,,,,,,,
Pre_COVID,WIN,Dustin Poirier,0,153,1,4,Lightweight,U-DEC,5,5:00,,,,,
Pre_COVID,,Dan Hooker,0,155,4,0,,,,,,,,,
Pre_COVID,WIN,Mike Perry,1,76,1,0,Welterweight,U-DEC,3,5:00,,,,,
Pre_COVID,,Mickey Gall,0,55,0,0,,,,,,,,,
Pre_COVID,WIN,Maurice Greene,0,63,0,1,Heavyweight,SUB,3,3:44,,,,,
Pre_COVID,,Gian Villante,1,72,0,0,,Arm Triangle,,,,,,,
Pre_COVID,WIN,Brendan Allen,1,41,0,0,Middleweight,U-DEC,3,5:00,,,,,
Pre_COVID,,Kyle Daukaus,0,34,3,0,,,,,,,,,
Pre_COVID,WIN,Takashi Sato,1,18,0,0,Welterweight,KO/TKO,1,0:48,,,,,
Pre_COVID,,Jason Witt,0,2,0,0,,Punches,,,,,,,
Pre_COVID,WIN,Julian Erosa,0,103,3,1,Catch Weight,SUB,3,2:44,,,,,
Pre_COVID,,Sean Woodson,1,106,0,0,,D'Arce Choke,,,,,,,
Pre_COVID,WIN,Khama Worthy,0,55,0,1,Lightweight,SUB,3,2:53,,,,,
Pre_COVID,,Luis Pena,0,38,3,3,,Guillotine Choke,,,,,,,
Pre_COVID,WIN,Tanner Boser,1,15,0,0,Heavyweight,KO/TKO,1,2:41,,,,,
Pre_COVID,,Philipe Lins,0,6,0,0,,Punches,,,,,,,
Pre_COVID,WIN,Kay Hansen,0,31,2,1,Women's Strawweight,SUB,3,2:26,,,,,
Pre_COVID,,Jinh Yu Frey,0,26,0,0,,Armbar,,,,,,,
Pre_COVID,WIN,Youssef Zalal,0,59,0,0,Featherweight,U-DEC,3,5:00,,,,,
Pre_COVID,,Jordan Griffin,0,28,2,0,,,,,,,,,
,W/L,FIGHTER,KD,STR,TD,SUB,WEIGHT CLASS,METHOD,ROUND,TIME,,,,,
During_COVID,WIN,Kamaru Usman,0,94,5,0,Welterweight,U-DEC,5,5:00,,,,,
During_COVID,,Jorge Masvidal,0,66,0,0,,,,,,,,,
During_COVID,WIN,Alexander Volkanovski,0,137,3,0,Featherweight,S-DEC,5,5:00,,0,,,
During_COVID,,Max Holloway,0,102,0,0,,,,,,,,,
During_COVID,WIN,Petr Yan,1,194,1,0,Bantamweight,KO/TKO,5,3:24,,,,,
During_COVID,,Jose Aldo,0,83,0,0,,Punches,,,,,,,
During_COVID,WIN,Rose Namajunas,0,82,0,0,Women's Strawweight,S-DEC,3,5:00,,,,,
During_COVID,,Jessica Andrade,0,71,1,0,,,,,,,,,
During_COVID,WIN,Amanda Ribas,0,6,1,1,Women's Flyweight,SUB,1,2:21,,,,,
During_COVID,,Paige VanZant,0,3,0,0,,Armbar,,,,,,,
During_COVID,WIN,Jiri Prochazka,1,33,0,0,Light Heavyweight,KO/TKO,2,0:49,,,,,
During_COVID,,Volkan Oezdemir,0,41,0,0,,Punch,,,,,,,
During_COVID,WIN,Muslim Salikhov,0,40,0,0,Welterweight,S-DEC,3,5:00,,,,,
During_COVID,,Elizeu Zaleski dos Santos,0,46,0,0,,,,,,,,,
During_COVID,WIN,Makwan Amirkhani,0,2,1,1,Featherweight,SUB,1,3:15,,,,,
During_COVID,,Danny Henry,0,6,0,0,,Anaconda Choke,,,,,,,
During_COVID,WIN,Leonardo Santos,0,66,1,0,Lightweight,U-DEC,3,5:00,,,,,
During_COVID,,Roman Bogatov,0,50,1,0,,,,,,,,,
During_COVID,WIN,Marcin Tybura,0,24,3,0,Heavyweight,U-DEC,3,5:00,,,,,
During_COVID,,Maxim Grishin,0,18,0,0,,,,,,,,,
During_COVID,WIN,Raulian Paiva,0,52,0,0,Flyweight,U-DEC,3,5:00,,,,,
During_COVID,,Zhalgas Zhumagulov,0,66,2,0,,,,,,,,,
During_COVID,WIN,Karol Rosa,0,120,2,0,Women's Bantamweight,U-DEC,3,5:00,,,,,
During_COVID,,Vanessa Melo,0,45,0,0,,,,,,,,,
During_COVID,WIN,Davey Grant,1,74,2,1,Bantamweight,KO/TKO,3,2:38,,,,,
During_COVID,,Martin Day,1,62,0,0,,Punch,,,,,,,
During_COVID,WIN,Calvin Kattar,0,105,1,0,Featherweight,U-DEC,5,5:00,,,,,
During_COVID,,Dan Ige,0,84,0,0,,,,,,,,,
During_COVID,WIN,Tim Elliott,0,67,1,2,Flyweight,U-DEC,3,5:00,,,,,
During_COVID,,Ryan Benoit,0,55,1,2,,,,,,,,,
During_COVID,WIN,Jimmie Rivera,0,48,2,1,Featherweight,U-DEC,3,5:00,,,,,
During_COVID,,Cody Stamann,0,26,1,0,,,,,,,,,
During_COVID,WIN,Taila Santos,0,57,5,1,Women's Flyweight,U-DEC,3,5:00,,,,,
During_COVID,,Molly McCann,0,48,0,0,,,,,,,,,
During_COVID,WIN,Mounir Lazzez,0,98,4,0,Welterweight,U-DEC,3,5:00,,,,,
During_COVID,,Abdul Razak Alhassan,0,67,1,0,,,,,,,,,
During_COVID,WIN,Khamzat Chimaev,0,43,2,1,Middleweight,SUB,2,1:12,,,,,
During_COVID,,John Phillips,0,1,0,0,,D'Arce Choke,,,,,,,
During_COVID,WIN,Lerone Murphy,0,22,1,0,Featherweight,KO/TKO,1,4:18,,,,,
During_COVID,,Ricardo Ramos,0,10,0,0,,Punches,,,,,,,
During_COVID,WIN,Modestas Bukauskas,0,18,0,0,Light Heavyweight,KO/TKO,1,5:00,,,,,
During_COVID,,Andreas Michailidis,0,23,0,0,,,,,,,,,
During_COVID,WIN,Jared Gordon,0,44,3,0,Featherweight,U-DEC,3,5:00,,,,,
During_COVID,,Chris Fishgold,0,20,0,1,,,,,,,,,
During_COVID,WIN,Liana Jojua,0,2,0,3,Women's Flyweight,SUB,1,2:43,,,,,
During_COVID,,Diana Belbita,0,5,1,0,,Armbar,,,,,,,
During_COVID,WIN,Jack Shore,0,29,3,1,Bantamweight,SUB,2,2:29,,,,,
During_COVID,,Aaron Phillips,0,6,0,0,,Rear Naked Choke,,,,,,,
During_COVID,WIN,Deiveson Figueiredo,2,35,0,4,Flyweight,SUB,1,4:48,,,,,
During_COVID,,Joseph Benavidez,0,18,0,0,,Rear Naked Choke,,,,,,,
During_COVID,WIN,Jack Hermansson,0,2,0,1,Middleweight,SUB,1,1:18,,,,,
During_COVID,,Kelvin Gastelum,0,0,1,0,,Heel Hook,,,,,,,
During_COVID,WIN,Rafael Fiziev,0,78,1,0,Lightweight,U-DEC,3,5:00,,,,,
During_COVID,,Marc Diakiese,0,68,0,0,,,,,,,,,
During_COVID,WIN,Ariane Lipski,0,3,0,1,Women's Flyweight,SUB,1,1:28,,,,,
During_COVID,,Luana Carolina,0,2,0,1,,Kneebar,,,,,,,
During_COVID,WIN,Askar Askarov,0,41,2,0,Flyweight,U-DEC,3,5:00,,,,,
During_COVID,,Alexandre Pantoja,0,32,1,0,,,,,,,,,
During_COVID,WIN,Roman Dolidze,1,19,0,0,Light Heavyweight,KO/TKO,1,4:15,,,,,
During_COVID,,Khadis Ibragimov,0,4,0,0,,Kick,,,,,,,
During_COVID,WIN,Grant Dawson,0,53,2,1,Catch Weight,U-DEC,3,5:00,,,,,
During_COVID,,Nad Narimani,0,31,0,0,,,,,,,,,
During_COVID,WIN,Joel Alvarez,0,18,0,1,Lightweight,SUB,1,2:25,,,,,
During_COVID,,Joe Duffy,0,14,1,0,,Guillotine Choke,,,,,,,
During_COVID,WIN,Brett Johns,0,11,8,1,Bantamweight,U-DEC,3,5:00,,,,,
During_COVID,,Montel Jackson,1,26,2,0,,,,,,,,,
During_COVID,WIN,Amir Albazi,0,12,1,1,Bantamweight,SUB,1,4:42,,,,,
During_COVID,,Malcolm Gordon,0,3,0,0,,Triangle Choke,,,,,,,
During_COVID,WIN,Arman Tsarukyan,0,91,1,0,Lightweight,U-DEC,3,5:00,,,,,
During_COVID,,Davi Ramos,0,33,0,0,,,,,,,,,
During_COVID,WIN,Serghei Spivac,0,73,3,0,Heavyweight,M-DEC,3,5:00,,,,,
During_COVID,,Carlos Felipe,0,44,0,0,,,,,,,,,
During_COVID,WIN,Robert Whittaker,1,69,2,0,Middleweight,U-DEC,5,5:00,,,,,
During_COVID,,Darren Till,0,41,0,0,,,,,,,,,
During_COVID,WIN,Mauricio Rua,0,54,2,0,Light Heavyweight,S-DEC,3,5:00,,,,,
During_COVID,,Rogerio Nogueira,0,46,0,0,,,,,,,,,
During_COVID,WIN,Fabricio Werdum,0,4,1,1,Heavyweight,SUB,1,2:30,,,,,
During_COVID,,Alexander Gustafsson,0,11,0,0,,Armbar,,,,,,,
During_COVID,WIN,Carla Esparza,0,33,5,1,Women's Strawweight,S-DEC,3,5:00,,,,,
During_COVID,,Marina Rodriguez,0,40,0,0,,,,,,,,,
During_COVID,WIN,Paul Craig,0,2,0,1,Light Heavyweight,SUB,1,2:06,,,,,
During_COVID,,Gadzhimurad Antigulov,0,11,1,0,,Triangle Choke,,,,,,,
During_COVID,WIN,Alex Oliveira,1,45,0,0,Welterweight,U-DEC,3,5:00,,,,,
During_COVID,,Peter Sobotta,0,29,0,0,,,,,,,,,
During_COVID,WIN,Khamzat Chimaev,0,40,1,1,Welterweight,KO/TKO,1,3:09,,,,,
During_COVID,,Rhys McKee,0,0,0,0,,Punches,,,,,,,
During_COVID,WIN,Francisco Trinaldo,1,30,2,2,Lightweight,KO/TKO,3,1:30,,,,,
During_COVID,,Jai Herbert,1,21,0,0,,Punch,,,,,,,
During_COVID,NC,Nicolas Dalby,0,20,0,0,Welterweight,Overturned,1,2:48,,,,,
During_COVID,NC,Jesse Ronson,1,30,0,1,,Rear Naked Choke,,,,,,,
During_COVID,WIN,Tom Aspinall,1,10,0,0,Heavyweight,KO/TKO,1,0:45,,,,,
During_COVID,,Jake Collier,0,3,0,0,,Punches,,,,,,,
During_COVID,WIN,Movsar Evloev,0,79,0,0,Featherweight,U-DEC,3,5:00,,,,,
During_COVID,,Mike Grundy,0,20,6,1,,,,,,,,,
During_COVID,WIN,Tanner Boser,0,43,0,0,Heavyweight,KO/TKO,2,2:36,,,,,
During_COVID,,Raphael Pessoa,0,12,0,0,,Punch,,,,,,,
During_COVID,WIN,Pannie Kianzad,0,103,0,0,Women's Bantamweight,U-DEC,3,5:00,,,,,
During_COVID,,Bethe Correia,0,56,1,0,,,,,,,,,
During_COVID,WIN,Ramazan Emeev,0,29,4,2,Welterweight,U-DEC,3,5:00,,,,,
During_COVID,,Niklas Stolze,0,30,1,0,,,,,,,,,
During_COVID,WIN,Nathaniel Wood,0,131,1,0,Bantamweight,U-DEC,3,5:00,,,,,
During_COVID,,John Castaneda,0,55,0,0,,,,,,,,,
During_COVID,WIN,Derek Brunson,0,88,4,0,Middleweight,KO/TKO,3,0:26,,,,,
During_COVID,,Edmen Shahbazyan,0,35,0,0,,Punches,,,,,,,
During_COVID,WIN,Jennifer Maia,0,20,0,1,Women's Flyweight,SUB,1,4:29,,,,,
During_COVID,,Joanne Calderwood,0,26,1,0,,Armbar,,,,,,,
During_COVID,WIN,Vicente Luque,2,64,0,0,Welterweight,KO/TKO,2,4:56,,,,,
During_COVID,,Randy Brown,0,61,1,0,,Knee,,,,,,,
During_COVID,WIN,Bobby Green,1,115,3,0,Lightweight,U-DEC,3,5:00,,,,,
During_COVID,,Lando Vannata,0,54,1,0,,,,,,,,,
During_COVID,WIN,Jonathan Martinez,3,79,1,0,Bantamweight,KO/TKO,3,0:57,,,,,
During_COVID,,Frankie Saenz,0,39,1,0,,Knee,,,,,,,
During_COVID,WIN,Nate Maness,0,21,1,0,Featherweight,U-DEC,3,5:00,,,,,
During_COVID,,Johnny Munoz,0,49,2,1,,,,,,,,,
During_COVID,WIN,Jamall Emmers,0,103,5,0,Featherweight,U-DEC,3,5:00,,,,,
During_COVID,,Vince Cachero,0,76,0,0,,,,,,,,,
During_COVID,DRAW,Chris Gutierrez,0,66,1,1,Bantamweight,U-DEC,3,5:00,,,,,
During_COVID,DRAW,Cody Durden,0,36,2,1,,,,,,,,,
During_COVID,WIN,Derrick Lewis,1,35,1,0,Heavyweight,KO/TKO,2,0:21,,,,,
During_COVID,,Aleksei Oleinik,0,2,1,2,,Punches,,,,,,,
During_COVID,WIN,Chris Weidman,0,29,5,0,Middleweight,U-DEC,3,5:00,,,,,
During_COVID,,Omari Akhmedov,0,33,4,0,,,,,,,,,
During_COVID,WIN,Darren Stewart,0,13,0,1,Middleweight,SUB,1,3:41,,,,,
During_COVID,,Maki Pitolo,0,12,1,0,,Guillotine Choke,,,,,,,
During_COVID,WIN,Yana Kunitskaya,0,43,1,0,Women's Bantamweight,U-DEC,3,5:00,,,,,
During_COVID,,Julija Stoliarenko,0,6,0,0,,,,,,,,,
During_COVID,WIN,Beneil Dariush,1,36,0,0,Lightweight,KO/TKO,1,4:38,,,,,
During_COVID,,Scott Holtzman,0,9,0,0,,Spinning Back Fist,,,,,,,
During_COVID,WIN,Tim Means,1,85,2,0,Welterweight,U-DEC,3,5:00,,,,,
During_COVID,,Laureano Staropoli,0,71,0,0,,,,,,,,,
During_COVID,WIN,Kevin Holland,2,79,0,0,Middleweight,KO/TKO,3,0:32,,,,,
During_COVID,,Joaquin Buckley,0,40,0,0,,Punch,,,,,,,
During_COVID,WIN,Nasrat Haqparast,0,104,0,0,Lightweight,U-DEC,3,5:00,,,,,
During_COVID,,Alexander Munoz,0,37,1,0,,,,,,,,,
During_COVID,WIN,Andrew Sanchez,1,28,0,0,Middleweight,KO/TKO,1,4:14,,,,,
During_COVID,,Wellington Turman,0,21,0,0,,Punch,,,,,,,
During_COVID,WIN,Gavin Tucker,0,87,1,4,Featherweight,SUB,3,1:43,,,,,
During_COVID,,Justin Jaynes,1,41,0,1,,Rear Naked Choke,,,,,,,
During_COVID,WIN,Youssef Zalal,1,54,3,3,Featherweight,U-DEC,3,5:00,,,,,
During_COVID,,Peter Barrett,0,23,0,0,,,,,,,,,
During_COVID,WIN,Irwin Rivera,0,36,2,0,Bantamweight,S-DEC,3,5:00,,,,,
During_COVID,,Ali AlQaisi,0,44,2,1,,,,,,,,,
During_COVID,WIN,Stipe Miocic,1,115,0,0,Heavyweight,U-DEC,5,5:00,,,,,
During_COVID,,Daniel Cormier,0,105,1,0,,,,,,,,,
During_COVID,WIN,Marlon Vera,0,18,0,0,Bantamweight,KO/TKO,1,4:40,,,,,
During_COVID,,Sean O'Malley,0,10,0,0,,Elbows,,,,,,,
During_COVID,WIN,Jairzinho Rozenstruik,1,42,0,0,Heavyweight,KO/TKO,2,3:47,,,,,
During_COVID,,Junior Dos Santos,0,24,0,0,,Punch,,,,,,,
During_COVID,WIN,Daniel Pineda,0,57,1,0,Featherweight,KO/TKO,2,4:37,,,,,
During_COVID,,Herbert Burns,0,10,3,0,,Elbows,,,,,,,
During_COVID,WIN,Merab Dvalishvili,0,50,2,0,Bantamweight,U-DEC,3,5:00,,,,,
During_COVID,,John Dodson,0,27,0,0,,,,,,,,,
During_COVID,WIN,Vinc Pichel,0,41,3,0,Lightweight,U-DEC,3,5:00,,,,,
During_COVID,,Jim Miller,0,14,2,2,,,,,,,,,
During_COVID,WIN,Virna Jandiroba,0,4,1,2,Women's Strawweight,SUB,1,1:44,,,,,
During_COVID,,Felice Herrig,0,1,0,0,,Armbar,,,,,,,
During_COVID,WIN,Danny Chavez,0,49,4,0,Featherweight,U-DEC,3,5:00,,,,,
During_COVID,,TJ Brown,0,43,0,0,,,,,,,,,
During_COVID,WIN,Livinha Souza,0,46,1,0,Women's Strawweight,U-DEC,3,5:00,,,,,
During_COVID,,Ashley Yoder,0,32,0,0,,,,,,,,,
During_COVID,WIN,Chris Daukaus,2,37,0,0,Heavyweight,KO/TKO,1,4:28,,,,,
During_COVID,,Parker Porter,0,17,0,0,,Knee,,,,,,,
During_COVID,WIN,Kai Kamaka,0,114,5,0,Featherweight,U-DEC,3,5:00,,,,,
During_COVID,,Tony Kelley,0,114,0,0,,,,,,,,,
During_COVID,WIN,Frankie Edgar,0,135,2,0,Bantamweight,S-DEC,5,5:00,,,,,
During_COVID,,Pedro Munhoz,0,166,0,0,,,,,,,,,
During_COVID,WIN,Mike Rodriguez,1,21,0,0,Light Heavyweight,KO/TKO,1,2:17,,,,,
During_COVID,,Marcin Prachnio,0,14,0,0,,Elbow,,,,,,,
During_COVID,WIN,Joe Solecki,0,13,0,1,Lightweight,SUB,1,3:51,,,,,
During_COVID,,Austin Hubbard,0,9,0,0,,Rear Naked Choke,,,,,,,
During_COVID,WIN,Shana Dobson,0,24,2,0,Women's Flyweight,KO/TKO,2,1:38,,,,,
During_COVID,,Mariya Agapova,0,22,2,0,,Punches,,,,,,,
During_COVID,WIN,Daniel Rodriguez,3,15,0,0,Welterweight,KO/TKO,1,2:24,,,,,
During_COVID,,Dwight Grant,1,30,0,0,,Punches,,,,,,,
During_COVID,WIN,Amanda Lemos,1,83,2,0,Women's Strawweight,U-DEC,3,5:00,,,,,
During_COVID,,Inoue Mizuki,0,57,0,0,,,,,,,,,
During_COVID,WIN,Jordan Wright,1,15,0,0,Light Heavyweight,KO/TKO,1,1:31,,,,,
During_COVID,,Ike Villanueva,0,7,0,0,,,,,,,,,
During_COVID,WIN,Matthew Semelsberger,1,118,2,1,Welterweight,U-DEC,3,5:00,,,,,
During_COVID,,Carlton Minus,0,77,0,0,,,,,,,,,
During_COVID,NC,Timur Valiev,1,66,0,0,Catch Weight,Overturned,2,1:59,,,,,
During_COVID,NC,Trevin Jones,1,26,1,0,,Punch,,,,,,,
During_COVID,WIN,Aleksandar Rakic,1,44,0,0,Light Heavyweight,U-DEC,3,5:00,,,,,
During_COVID,,Anthony Smith,0,9,0,0,,,,,,,,,
During_COVID,WIN,Neil Magny,0,62,4,0,Welterweight,U-DEC,3,5:00,,,,,
During_COVID,,Robbie Lawler,0,26,0,0,,,,,,,,,
During_COVID,WIN,Alexa Grasso,0,88,1,0,Women's Flyweight,U-DEC,3,5:00,,,,,
During_COVID,,Ji Yeon Kim,0,68,0,0,,,,,,,,,
During_COVID,WIN,Ricardo Lamas,0,104,5,0,Featherweight,U-DEC,3,5:00,,,,,
During_COVID,,Bill Algeo,0,89,1,0,,,,,,,,,
During_COVID,WIN,Impa Kasanganay,0,85,0,0,Middleweight,U-DEC,3,5:00,,,,,
During_COVID,,Maki Pitolo,0,71,0,0,,,,,,,,,
During_COVID,WIN,Zak Cummings,1,54,0,0,Middleweight,U-DEC,3,5:00,,,,,
During_COVID,,Alessio Di Chirico,0,53,0,0,,,,,,,,,
During_COVID,WIN,Alex Caceres,0,18,0,1,Featherweight,SUB,1,3:38,,,,,
During_COVID,,Austin Springer,0,14,0,0,,Rear Naked Choke,,,,,,,
During_COVID,WIN,Sean Brady,0,34,2,2,Welterweight,SUB,2,1:47,,,,,
During_COVID,,Christian Aguilera,0,16,0,0,,Guillotine Choke,,,,,,,
During_COVID,WIN,Polyana Viana,0,9,0,1,Women's Strawweight,SUB,1,1:53,,,,,
During_COVID,,Emily Whitmire,0,2,0,0,,Armbar,,,,,,,
During_COVID,WIN,Mallory Martin,0,22,1,1,Women's Strawweight,SUB,2,1:33,,,,,
During_COVID,,Hannah Cifers,1,49,0,0,,Rear Naked Choke,,,,,,,
During_COVID,WIN,Alistair Overeem,0,92,3,0,Heavyweight,KO/TKO,5,0:26,,,,,
During_COVID,,Augusto Sakai,0,99,0,0,,Elbows,,,,,,,
During_COVID,WIN,Ovince Saint Preux,1,33,0,0,Light Heavyweight,KO/TKO,2,4:07,,,,,
During_COVID,,Alonzo Menifield,0,19,0,0,,Punch,,,,,,,
During_COVID,WIN,Michel Pereira,0,88,1,1,Welterweight,SUB,3,4:39,,,,,
During_COVID,,Zelim Imadaev,0,23,0,0,,Rear Naked Choke,,,,,,,
During_COVID,WIN,Andre Muniz,0,4,0,2,Middleweight,SUB,1,2:42,,,,,
During_COVID,,Bartosz Fabinski,0,5,1,0,,Armbar,,,,,,,
During_COVID,WIN,Brian Kelleher,0,1,0,1,Featherweight,SUB,1,0:39,,,,,
During_COVID,,Ray Rodriguez,0,1,1,0,,Guillotine Choke,,,,,,,
During_COVID,WIN,Viviane Araujo,0,82,0,0,Women's Flyweight,U-DEC,3,5:00,,,,,
During_COVID,,Montana De La Rosa,0,85,1,0,,,,,,,,,
During_COVID,WIN,Hunter Azure,1,42,5,0,Bantamweight,U-DEC,3,5:00,,,,,
During_COVID,,Cole Smith,0,31,2,3,,,,,,,,,
During_COVID,WIN,Michelle Waterson,0,128,1,0,Women's Strawweight,S-DEC,5,5:00,,,,,
During_COVID,,Angela Hill,0,131,0,0,,,,,,,,,
During_COVID,WIN,Ottman Azaitar,0,16,0,0,Lightweight,KO/TKO,1,1:33,,,,,
During_COVID,,Khama Worthy,0,1,0,0,,Punches,,,,,,,
During_COVID,WIN,Roxanne Modafferi,0,60,4,0,Women's Flyweight,U-DEC,3,5:00,,,,,
During_COVID,,Andrea Lee,0,97,3,0,,,,,,,,,
During_COVID,WIN,Ed Herman,0,40,2,1,Light Heavyweight,SUB,3,2:41,,,,,
During_COVID,,Mike Rodriguez,2,89,0,0,,Kimura,,,,,,,
During_COVID,WIN,Bobby Green,0,61,4,0,Lightweight,U-DEC,3,5:00,,,,,
During_COVID,,Alan Patrick,0,19,1,0,,,,,,,,,
During_COVID,WIN,Billy Quarantillo,1,79,2,0,Featherweight,KO/TKO,3,0:07,,,,,
During_COVID,,Kyle Nelson,0,56,0,0,,Punch,,,,,,,
During_COVID,WIN,Sijara Eubanks,0,53,3,3,Women's Bantamweight,U-DEC,3,5:00,,,,,
During_COVID,,Julia Avila,0,34,1,0,,,,,,,,,
During_COVID,WIN,Kevin Croom,1,5,0,1,Lightweight,SUB,1,0:31,,,,,
During_COVID,,Roosevelt Roberts,0,2,0,0,,Guillotine Choke,,,,,,,
During_COVID,WIN,Alexandr Romanov,0,55,4,2,Heavyweight,SUB,2,4:22,,,,,
During_COVID,,Roque Martinez,0,7,0,0,,Arm Triangle,,,,,,,
During_COVID,WIN,Jalin Turner,2,66,1,1,Catch Weight,SUB,2,4:20,,,,,
During_COVID,,Brok Weaver,0,56,1,0,,Rear Naked Choke,,,,,,,
During_COVID,WIN,Bryan Barberena,0,63,0,2,Welterweight,U-DEC,3,5:00,,,,,
During_COVID,,Anthony Ivy,0,36,5,0,,,,,,,,,
During_COVID,WIN,Sabina Mazo,1,131,0,1,Women's Flyweight,SUB,3,3:57,,,,,
During_COVID,,Justine Kish,0,93,1,0,,Rear Naked Choke,,,,,,,
During_COVID,WIN,Colby Covington,0,78,3,0,Welterweight,KO/TKO,5,1:19,,,,,
During_COVID,,Tyron Woodley,0,34,1,0,,,,,,,,,
During_COVID,DRAW,Donald Cerrone,0,113,0,0,Welterweight,M-DEC,3,5:00,,,,,
During_COVID,DRAW,Niko Price,0,150,0,0,,,,,,,,,
During_COVID,WIN,Khamzat Chimaev,1,4,0,0,Middleweight,KO/TKO,1,0:17,,,,,
During_COVID,,Gerald Meerschaert,0,0,0,0,,Punch,,,,,,,
During_COVID,WIN,Johnny Walker,0,26,0,0,Light Heavyweight,KO/TKO,1,2:43,,,,,
During_COVID,,Ryan Spann,2,7,2,0,,Punches,,,,,,,
During_COVID,WIN,Mackenzie Dern,0,9,0,5,Women's Strawweight,SUB,1,3:44,,,,,
During_COVID,,Randa Markos,0,3,0,0,,Armbar,,,,,,,
During_COVID,WIN,Kevin Holland,0,74,0,0,Middleweight,S-DEC,3,5:00,,,,,
During_COVID,,Darren Stewart,0,57,3,0,,,,,,,,,
During_COVID,WIN,David Dvorak,0,68,0,0,Flyweight,U-DEC,3,5:00,,,,,
During_COVID,,Jordan Espinosa,0,50,0,0,,,,,,,,,
During_COVID,WIN,Damon Jackson,0,12,0,7,Featherweight,SUB,3,1:21,,,,,
During_COVID,,Mirsad Bektic,0,13,7,0,,Guillotine Choke,,,,,,,
During_COVID,WIN,Mayra Bueno Silva,0,2,0,1,Women's Flyweight,SUB,1,2:29,,,,,
During_COVID,,Mara Romero Borella,0,6,1,0,,Armbar,,,,,,,
During_COVID,WIN,Jessica-Rose Clark,0,76,1,0,Women's Bantamweight,KO/TKO,3,4:21,,,,,
During_COVID,,Sarah Alpar,0,12,2,0,,Knee,,,,,,,
During_COVID,WIN,Darrick Minner,0,15,0,1,Featherweight,SUB,1,0:52,,,,,
During_COVID,,TJ Laramie,0,0,0,0,,Guillotine Choke,,,,,,,
During_COVID,WIN,Randy Costa,1,4,0,0,Bantamweight,KO/TKO,1,0:41,,,,,
During_COVID,,Journey Newson,0,1,0,0,,Kick,,,,,,,
During_COVID,WIN,Andre Ewell,0,123,0,0,Bantamweight,S-DEC,3,5:00,,,,,
During_COVID,,Irwin Rivera,0,81,1,0,,,,,,,,,
During_COVID,WIN,Tyson Nam,1,36,0,0,Bantamweight,KO/TKO,2,0:34,,,,,
During_COVID,,Jerome Rivera,0,30,0,0,,Punches,,,,,,,
During_COVID,WIN,Israel Adesanya,1,55,0,0,Middleweight,KO/TKO,2,3:59,,,,,
During_COVID,,Paulo Costa,0,12,0,0,,Punch,,,,,,,
During_COVID,WIN,Jan Blachowicz,1,41,0,0,Light Heavyweight,KO/TKO,2,4:36,,,,,
During_COVID,,Dominick Reyes,0,21,0,0,,Punch,,,,,,,
During_COVID,WIN,Brandon Royval,2,39,0,1,Flyweight,SUB,2,0:48,,,,,
During_COVID,,Kai Kara-France,1,22,0,0,,Guillotine Choke,,,,,,,
During_COVID,WIN,Ketlen Vieira,0,68,2,0,Women's Bantamweight,U-DEC,3,5:00,,,,,
During_COVID,,Sijara Eubanks,0,69,0,0,,,,,,,,,
During_COVID,WIN,Hakeem Dawodu,0,69,0,0,Featherweight,S-DEC,3,5:00,,,,,
During_COVID,,Zubaira Tukhugov,0,35,1,0,,,,,,,,,
During_COVID,WIN,Brad Riddell,0,67,1,0,Lightweight,U-DEC,3,5:00,,,,,
During_COVID,,Alex Da Silva,0,54,3,1,,,,,,,,,
During_COVID,WIN,Jake Matthews,1,72,1,0,Welterweight,U-DEC,3,5:00,,,,,
During_COVID,,Diego Sanchez,0,25,0,0,,,,,,,,,
During_COVID,WIN,Ludovit Klein,1,9,0,0,Featherweight,KO/TKO,1,1:16,,,,,
During_COVID,,Shane Young,0,4,0,0,,Kick,,,,,,,
During_COVID,WIN,William Knight,0,38,4,1,Light Heavyweight,U-DEC,3,5:00,,,,,
During_COVID,,Aleksa Camur,0,17,1,0,,,,,,,,,
During_COVID,WIN,Juan Espino,0,10,5,1,Heavyweight,SUB,1,3:48,,,,,
During_COVID,,Jeff Hughes,0,0,0,0,,Neck Crank,,,,,,,
During_COVID,WIN,Danilo Marques,0,16,4,0,Light Heavyweight,U-DEC,3,5:00,,,,,
During_COVID,,Khadis Ibragimov,0,19,0,1,,,,,,,,,
During_COVID,WIN,Holly Holm,0,154,5,0,Women's Bantamweight,U-DEC,5,5:00,,,,,
During_COVID,,Irene Aldana,0,69,0,0,,,,,,,,,
During_COVID,WIN,Carlos Felipe,0,78,0,0,Heavyweight,U-DEC,3,5:00,,,,,
During_COVID,,Yorgan De Castro,0,48,0,0,,,,,,,,,
During_COVID,WIN,Germaine de Randamie,0,37,0,2,Women's Bantamweight,SUB,3,3:25,,,,,
During_COVID,,Julianna Pena,0,27,3,0,,Guillotine Choke,,,,,,,
During_COVID,WIN,Kyler Phillips,0,32,2,0,Bantamweight,KO/TKO,2,0:44,,,,,
During_COVID,,Cameron Else,0,11,0,0,,Elbows,,,,,,,
During_COVID,WIN,Dusko Todorovic,0,85,1,0,Middleweight,KO/TKO,2,3:15,,,,,
During_COVID,,Dequan Townsend,0,13,0,0,,Punches,,,,,,,
During_COVID,WIN,Carlos Condit,1,88,0,0,Welterweight,U-DEC,3,5:00,,,,,
During_COVID,,Court McGee,0,84,0,0,,,,,,,,,
During_COVID,DRAW,Charles Jourdain,0,44,0,3,Featherweight,S-DEC,3,5:00,,,,,
During_COVID,DRAW,Josh Culibao,1,46,0,0,,,,,,,,,
During_COVID,WIN,Nassourdine Imavov,0,68,1,4,Middleweight,U-DEC,3,5:00,,,,,
During_COVID,,Jordan Williams,0,30,0,0,,,,,,,,,
During_COVID,WIN,Loma Lookboonmee,0,80,0,0,Women's Strawweight,U-DEC,3,5:00,,,,,
During_COVID,,Jinh Yu Frey,0,26,1,0,,,,,,,,,
During_COVID,WIN,Casey Kenney,0,109,0,0,Bantamweight,U-DEC,3,5:00,,,,,
During_COVID,,Heili Alateng,0,46,0,0,,,,,,,,,
During_COVID,WIN,Luigi Vendramini,1,13,0,0,Lightweight,KO/TKO,1,1:12,,,,,
During_COVID,,Jessin Ayari,0,2,0,0,,Kick,,,,,,,
During_COVID,WIN,Cory Sandhagen,1,38,0,0,Bantamweight,KO/TKO,2,1:03,,,,,
During_COVID,,Marlon Moraes,0,14,1,0,,Kick,,,,,,,
During_COVID,WIN,Edson Barboza,2,32,0,1,Featherweight,U-DEC,3,5:00,,,,,
During_COVID,,Makwan Amirkhani,0,11,3,0,,,,,,,,,
During_COVID,WIN,Marcin Tybura,0,94,1,0,Heavyweight,U-DEC,3,5:00,,,,,
During_COVID,,Ben Rothwell,0,89,0,0,,,,,,,,,
During_COVID,WIN,Dricus Du Plessis,1,26,0,0,Middleweight,KO/TKO,1,3:22,,,,,
During_COVID,,Markus Perez,0,14,0,0,,Punch,,,,,,,
During_COVID,WIN,Tom Aspinall,0,16,1,0,Heavyweight,KO/TKO,1,1:35,,,,,
During_COVID,,Alan Baudot,0,3,0,0,,Punches,,,,,,,
During_COVID,WIN,Ilia Topuria,0,13,5,5,Featherweight,U-DEC,3,5:00,,,,,
During_COVID,,Youssef Zalal,0,17,0,1,,,,,,,,,
During_COVID,WIN,Tom Breese,1,17,0,0,Middleweight,KO/TKO,1,1:42,,,,,
During_COVID,,KB Bhullar,0,2,0,0,,Punch,,,,,,,
During_COVID,WIN,Chris Daukaus,2,13,0,0,Heavyweight,KO/TKO,1,0:45,,,,,
During_COVID,,Rodrigo Nascimento,0,1,0,0,,Punches,,,,,,,
During_COVID,WIN,Joaquin Buckley,1,29,1,0,Middleweight,KO/TKO,2,2:03,,,,,
During_COVID,,Impa Kasanganay,0,28,0,0,,Spinning Back Kick,,,,,,,
During_COVID,WIN,Tony Kelley,0,23,0,4,Bantamweight,U-DEC,3,5:00,,,,,
During_COVID,,Ali AlQaisi,0,29,5,1,,,,,,,,,
During_COVID,WIN,Giga Chikadze,1,65,0,0,Featherweight,U-DEC,3,5:00,,,,,
During_COVID,,Omar Morales,0,34,0,0,,,,,,,,,
During_COVID,WIN,Tracy Cortez,0,20,3,0,Women's Bantamweight,U-DEC,3,5:00,,,,,
During_COVID,,Stephanie Egger,0,10,1,0,,,,,,,,,
During_COVID,WIN,Tagir Ulanbekov,0,46,5,0,Flyweight,U-DEC,3,5:00,,,,,
During_COVID,,Bruno Silva,0,47,4,0,,,,,,,,,
During_COVID,WIN,Brian Ortega,2,127,3,0,Featherweight,U-DEC,5,5:00,,,,,
During_COVID,,Chan Sung Jung,0,62,0,0,,,,,,,,,
During_COVID,WIN,Jessica Andrade,1,28,2,0,Women's Flyweight,KO/TKO,1,4:55,,,,,
During_COVID,,Katlyn Chookagian,0,19,0,0,,Punch,,,,,,,
During_COVID,WIN,Jimmy Crute,2,17,0,0,Light Heavyweight,KO/TKO,1,2:01,,,,,
During_COVID,,Modestas Bukauskas,0,7,0,0,,Punches,,,,,,,
During_COVID,WIN,James Krause,0,94,0,0,Welterweight,U-DEC,3,5:00,,,,,
During_COVID,,Claudio Silva,0,64,2,0,,,,,,,,,
During_COVID,WIN,Jonathan Martinez,0,73,0,0,Featherweight,U-DEC,3,5:00,,,,,
During_COVID,,Thomas Almeida,0,64,0,0,,,,,,,,,
During_COVID,WIN,Guram Kutateladze,1,37,0,0,Lightweight,S-DEC,3,5:00,,,,,
During_COVID,,Mateusz Gamrot,0,52,5,0,,,,,,,,,
During_COVID,WIN,Gillian Robertson,0,57,3,0,Women's Flyweight,U-DEC,3,5:00,,,,,
During_COVID,,Poliana Botelho,0,22,0,0,,,,,,,,,
During_COVID,WIN,Junyong Park,0,10,4,0,Middleweight,U-DEC,3,5:00,,,,,
During_COVID,,John Phillips,0,5,0,0,,,,,,,,,
During_COVID,WIN,Fares Ziam,0,47,1,0,Lightweight,U-DEC,3,5:00,,,,,
During_COVID,,Jamie Mullarkey,0,20,5,0,,,,,,,,,
During_COVID,WIN,Maxim Grishin,0,34,1,0,Light Heavyweight,KO/TKO,2,4:58,,,,,
During_COVID,,Gadzhimurad Antigulov,0,12,1,0,,Punches,,,,,,,
During_COVID,WIN,Said Nurmagomedov,0,18,0,0,Bantamweight,KO/TKO,1,0:51,,,,,
During_COVID,,Mark Striegl,0,3,0,0,,Punches,,,,,,,
During_COVID,WIN,Khabib Nurmagomedov,0,26,2,1,Lightweight,SUB,2,1:34,,,,,
During_COVID,,Justin Gaethje,0,29,0,0,,Triangle Choke,,,,,,,
During_COVID,WIN,Robert Whittaker,1,69,0,0,Middleweight,U-DEC,3,5:00,,,,,
During_COVID,,Jared Cannonier,0,53,0,0,,,,,,,,,
During_COVID,WIN,Alexander Volkov,0,45,0,0,Heavyweight,KO/TKO,2,1:15,,,,,
During_COVID,,Walt Harris,0,16,0,0,,Kick,,,,,,,
During_COVID,WIN,Phillip Hawes,1,7,0,0,Middleweight,KO/TKO,1,0:18,,,,,
During_COVID,,Jacob Malkoun,0,0,0,0,,Punches,,,,,,,
During_COVID,WIN,Lauren Murphy,0,22,1,1,Women's Flyweight,SUB,2,3:31,,,,,
During_COVID,,Liliya Shakirova,0,23,0,0,,Rear Naked Choke,,,,,,,
During_COVID,WIN,Magomed Ankalaev,2,21,0,0,Light Heavyweight,KO/TKO,1,4:19,,,,,
During_COVID,,Ion Cutelaba,0,11,0,0,,Punch,,,,,,,
During_COVID,WIN,Tai Tuivasa,1,27,0,0,Heavyweight,KO/TKO,1,4:59,,,,,
During_COVID,,Stefan Struve,0,13,0,0,,Punches,,,,,,,
During_COVID,WIN,Casey Kenney,0,123,2,0,Catch Weight,U-DEC,3,5:00,,,,,
During_COVID,,Nathaniel Wood,0,136,0,0,,,,,,,,,
During_COVID,WIN,Shavkat Rakhmonov,0,13,0,1,Welterweight,SUB,1,4:40,,,,,
During_COVID,,Alex Oliveira,0,9,0,0,,Guillotine Choke,,,,,,,
During_COVID,DRAW,Da-Un Jung,1,56,0,0,Light Heavyweight,S-DEC,3,5:00,,,,,
During_COVID,DRAW,Sam Alvey,0,59,0,0,,,,,,,,,
During_COVID,WIN,Miranda Maverick,0,49,0,0,Women's Flyweight,KO/TKO,1,5:00,,,,,
During_COVID,,Liana Jojua,0,30,0,0,,,,,,,,,
During_COVID,WIN,Joel Alvarez,0,4,0,2,Lightweight,SUB,1,3:00,,,,,
During_COVID,,Alexander Yakovlev,0,1,1,0,,Armbar,,,,,,,
During_COVID,WIN,Uriah Hall,2,60,0,0,Middleweight,KO/TKO,4,1:24,,,,,
During_COVID,,Anderson Silva,0,53,0,0,,Punches,,,,,,,
During_COVID,WIN,Bryce Mitchell,0,46,7,1,Featherweight,U-DEC,3,5:00,,,,,
During_COVID,,Andre Fili,0,27,0,0,,,,,,,,,
During_COVID,WIN,Greg Hardy,1,46,1,0,Heavyweight,KO/TKO,2,1:12,,,,,
During_COVID,,Maurice Greene,0,17,0,0,,Punches,,,,,,,
During_COVID,WIN,Kevin Holland,0,11,2,0,Middleweight,SUB,1,2:39,,,,,
During_COVID,,Charlie Ontiveros,0,2,0,0,,Injury,,,,,,,
During_COVID,WIN,Thiago Moises,0,42,2,1,Lightweight,U-DEC,3,5:00,,,,,
During_COVID,,Bobby Green,0,85,2,0,,,,,,,,,
During_COVID,WIN,Alexander Hernandez,1,29,0,0,Lightweight,KO/TKO,1,1:46,,,,,
During_COVID,,Chris Gruetzemacher,0,8,0,0,,Punches,,,,,,,
During_COVID,WIN,Adrian Yanez,1,17,0,0,Bantamweight,KO/TKO,1,2:46,,,,,
During_COVID,,Victor Rodriguez,0,6,0,0,,Kick,,,,,,,
During_COVID,WIN,Sean Strickland,0,106,0,0,Middleweight,U-DEC,3,5:00,,,,,
During_COVID,,Jack Marshman,0,48,0,0,,,,,,,,,
During_COVID,WIN,Jason Witt,0,20,2,1,Welterweight,SUB,2,2:09,,,,,
During_COVID,,Cole Williams,0,1,0,0,,Arm Triangle,,,,,,,
During_COVID,WIN,Dustin Jacoby,2,22,0,0,Light Heavyweight,KO/TKO,1,2:38,,,,,
During_COVID,,Justin Ledet,0,10,0,0,,Punch,,,,,,,
During_COVID,WIN,Miles Johns,1,48,0,0,Bantamweight,KO/TKO,3,2:51,,,,,
During_COVID,,Kevin Natividad,0,33,0,0,,Punch,,,,,,,
During_COVID,WIN,Glover Teixeira,0,46,4,2,Light Heavyweight,SUB,3,1:49,,,,,
During_COVID,,Thiago Santos,1,40,0,0,,Rear Naked Choke,,,,,,,
During_COVID,WIN,Andrei Arlovski,0,34,0,0,Heavyweight,U-DEC,3,5:00,,,,,
During_COVID,,Tanner Boser,0,68,0,0,,,,,,,,,
During_COVID,WIN,Raoni Barcelos,0,120,2,1,Bantamweight,U-DEC,3,5:00,,,,,
During_COVID,,Khalid Taha,0,49,0,0,,,,,,,,,
During_COVID,WIN,Giga Chikadze,1,8,0,0,Featherweight,KO/TKO,1,3:51,,,,,
During_COVID,,Jamey Simmons,0,2,0,0,,Kick,,,,,,,
During_COVID,WIN,Yan Xiaonan,0,74,0,0,Women's Strawweight,U-DEC,3,5:00,,,,,
During_COVID,,Claudia Gadelha,0,36,2,0,,,,,,,,,
During_COVID,WIN,Trevin Giles,2,38,1,0,Middleweight,KO/TKO,3,1:26,,,,,
During_COVID,,Bevon Lewis,0,26,0,0,,Punches,,,,,,,
During_COVID,WIN,Alexandr Romanov,0,6,2,1,Heavyweight,SUB,1,4:48,,,,,
During_COVID,,Marcos Rogerio de Lima,0,18,0,0,,Forearm Choke,,,,,,,
During_COVID,WIN,Darren Elkins,0,32,7,1,Featherweight,SUB,3,2:22,,,,,
During_COVID,,Eduardo Garagorri,0,36,0,0,,Rear Naked Choke,,,,,,,
During_COVID,WIN,Max Griffin,0,74,0,0,Welterweight,KO/TKO,3,2:03,,,,,
During_COVID,,Ramiz Brahimaj,0,45,0,0,,Elbow,,,,,,,
During_COVID,WIN,Gustavo Lopez,0,26,2,1,Bantamweight,SUB,1,2:43,,,,,
During_COVID,,Anthony Birchak,0,17,0,0,,Rear Naked Choke,,,,,,,
During_COVID,WIN,Rafael Dos Anjos,0,92,6,0,Lightweight,S-DEC,5,5:00,,,,,
During_COVID,,Paul Felder,0,98,1,0,,,,,,,,,
During_COVID,WIN,Khaos Williams,1,5,0,0,Welterweight,KO/TKO,1,0:30,,,,,
During_COVID,,Abdul Razak Alhassan,0,2,0,0,,Punch,,,,,,,
During_COVID,WIN,Ashley Yoder,0,26,2,3,Women's Strawweight,U-DEC,3,5:00,,,,,
During_COVID,,Miranda Granger,0,33,0,0,,,,,,,,,
During_COVID,WIN,Sean Strickland,1,94,1,0,Catch Weight,KO/TKO,2,1:32,,,,,
During_COVID,,Brendan Allen,0,51,0,0,,Punches,,,,,,,
During_COVID,WIN,Cory McKenna,0,57,0,0,Women's Strawweight,U-DEC,3,5:00,,,,,
During_COVID,,Kay Hansen,0,67,2,2,,,,,,,,,
During_COVID,WIN,Kanako Murata,0,29,4,2,Women's Strawweight,U-DEC,3,5:00,,,,,
During_COVID,,Randa Markos,0,29,0,0,,,,,,,,,
During_COVID,WIN,Tony Gravely,0,49,7,0,Bantamweight,S-DEC,3,5:00,,,,,
During_COVID,,Geraldo de Freitas,0,76,1,0,,,,,,,,,
During_COVID,WIN,Alex Morono,0,176,3,0,Welterweight,U-DEC,3,5:00,,,,,
During_COVID,,Rhys McKee,0,124,0,0,,,,,,,,,
During_COVID,WIN,Don'Tale Mayes,0,59,1,0,Heavyweight,U-DEC,3,5:00,,,,,
During_COVID,,Roque Martinez,0,58,1,0,,,,,,,,,